-- phpMyAdmin SQL Dump
-- version 4.9.0.1
-- https://www.phpmyadmin.net/
--
-- Host: 127.0.0.1
-- Waktu pembuatan: 24 Sep 2019 pada 04.00
-- Versi server: 10.4.6-MariaDB
-- Versi PHP: 7.3.9

SET SQL_MODE = "NO_AUTO_VALUE_ON_ZERO";
SET AUTOCOMMIT = 0;
START TRANSACTION;
SET time_zone = "+00:00";


/*!40101 SET @OLD_CHARACTER_SET_CLIENT=@@CHARACTER_SET_CLIENT */;
/*!40101 SET @OLD_CHARACTER_SET_RESULTS=@@CHARACTER_SET_RESULTS */;
/*!40101 SET @OLD_COLLATION_CONNECTION=@@COLLATION_CONNECTION */;
/*!40101 SET NAMES utf8mb4 */;

--
-- Database: `atkmaa`
--

-- --------------------------------------------------------

--
-- Struktur dari tabel `atk_awals`
--

CREATE TABLE `atk_awals` (
  `id_atk_awal` int(5) NOT NULL,
  `id_gudang_brg` varchar(5) DEFAULT NULL,
  `id_barang` varchar(5) DEFAULT NULL,
  `pic` varchar(50) DEFAULT NULL,
  `jml` int(5) DEFAULT NULL,
  `harga` float DEFAULT NULL,
  `bulan` int(4) DEFAULT NULL,
  `tahun` int(4) DEFAULT NULL,
  `created_at` timestamp NOT NULL DEFAULT current_timestamp(),
  `updated_at` timestamp NOT NULL DEFAULT current_timestamp() ON UPDATE current_timestamp()
) ENGINE=InnoDB DEFAULT CHARSET=latin1;

--
-- Dumping data untuk tabel `atk_awals`
--

INSERT INTO `atk_awals` (`id_atk_awal`, `id_gudang_brg`, `id_barang`, `pic`, `jml`, `harga`, `bulan`, `tahun`, `created_at`, `updated_at`) VALUES
(65, '21', 'BR001', '1', NULL, NULL, 8, 2019, '2019-09-02 19:26:14', '2019-09-03 02:34:47'),
(66, '22', 'BR002', '1', NULL, NULL, 8, 2019, '2019-09-02 19:26:14', '2019-09-03 02:34:42'),
(67, '23', 'BR003', '1', NULL, NULL, 8, 2019, '2019-09-02 19:26:14', '2019-09-03 02:34:43'),
(68, '24', 'BR004', '1', NULL, NULL, 8, 2019, '2019-09-02 19:26:14', '2019-09-03 02:34:43'),
(69, '25', 'BR005', '1', NULL, NULL, 8, 2019, '2019-09-02 19:26:14', '2019-09-03 02:34:44'),
(70, '26', 'BR006', '1', NULL, NULL, 8, 2019, '2019-09-02 19:26:14', '2019-09-03 02:34:44'),
(71, '27', 'BR007', '1', NULL, NULL, 8, 2019, '2019-09-02 19:26:14', '2019-09-03 02:34:45'),
(72, '28', 'BR008', '1', NULL, NULL, 8, 2019, '2019-09-02 19:26:14', '2019-09-03 02:34:45'),
(73, '29', 'BR009', '1', NULL, NULL, 8, 2019, '2019-09-02 19:26:14', '2019-09-03 02:34:46'),
(74, '30', 'BR010', '1', NULL, NULL, 8, 2019, '2019-09-02 19:26:14', '2019-09-03 02:34:40'),
(75, '21', 'BR001', '1', 80, NULL, 8, 2019, '2019-09-02 19:34:56', '2019-09-12 02:57:42'),
(76, '22', 'BR002', '1', 900, NULL, 8, 2019, '2019-09-02 19:34:56', '2019-09-12 02:54:51'),
(77, '23', 'BR003', '1', 900, NULL, 8, 2019, '2019-09-02 19:34:56', '2019-09-12 02:54:49'),
(78, '24', 'BR004', '1', 40, NULL, 8, 2019, '2019-09-02 19:34:56', '2019-09-12 02:54:47'),
(79, '25', 'BR005', '1', 960, NULL, 8, 2019, '2019-09-02 19:34:56', '2019-09-12 02:54:40'),
(80, '26', 'BR006', '1', 100, NULL, 8, 2019, '2019-09-02 19:34:56', '2019-09-12 02:54:36'),
(81, '27', 'BR007', '1', 90, NULL, 8, 2019, '2019-09-02 19:34:56', '2019-09-12 02:54:33'),
(82, '28', 'BR008', '1', 90, NULL, 8, 2019, '2019-09-02 19:34:56', '2019-09-12 02:54:30'),
(83, '29', 'BR009', '1', 9, NULL, 8, 2019, '2019-09-02 19:34:56', '2019-09-12 02:54:26'),
(84, '30', 'BR010', '1', 50, NULL, 8, 2019, '2019-09-02 19:34:56', '2019-09-12 02:53:57'),
(85, '21', 'BR001', '1', 85, NULL, 9, 2019, '2019-09-11 19:54:06', '2019-09-11 19:54:06'),
(86, '22', 'BR002', '1', 905, NULL, 9, 2019, '2019-09-11 19:54:06', '2019-09-11 19:54:06'),
(87, '23', 'BR003', '1', 905, NULL, 9, 2019, '2019-09-11 19:54:06', '2019-09-11 19:54:06'),
(88, '24', 'BR004', '1', 45, NULL, 9, 2019, '2019-09-11 19:54:06', '2019-09-11 19:54:06'),
(89, '25', 'BR005', '1', 965, NULL, 9, 2019, '2019-09-11 19:54:06', '2019-09-11 19:54:06'),
(90, '26', 'BR006', '1', 105, NULL, 9, 2019, '2019-09-11 19:54:06', '2019-09-11 19:54:06'),
(91, '27', 'BR007', '1', 95, NULL, 9, 2019, '2019-09-11 19:54:06', '2019-09-11 19:54:06'),
(92, '28', 'BR008', '1', 95, NULL, 9, 2019, '2019-09-11 19:54:06', '2019-09-11 19:54:06'),
(93, '29', 'BR009', '1', 10, NULL, 9, 2019, '2019-09-11 19:54:06', '2019-09-11 19:54:06'),
(94, '30', 'BR010', '1', 20, NULL, 9, 2019, '2019-09-11 19:54:06', '2019-09-11 19:54:06'),
(95, '31', 'BR011', '1', 25, NULL, 9, 2019, '2019-09-11 19:54:06', '2019-09-11 19:54:06'),
(100, '37', 'BR012', '1', 10, NULL, 9, 2019, '2019-09-11 19:54:06', '2019-09-11 19:54:06'),
(101, '38', 'BR013', '1', 0, NULL, 9, 2019, '2019-09-11 19:54:06', '2019-09-11 19:54:06');

-- --------------------------------------------------------

--
-- Struktur dari tabel `atk_barangs`
--

CREATE TABLE `atk_barangs` (
  `id_barang` varchar(6) NOT NULL,
  `nm_barang` varchar(100) DEFAULT NULL,
  `id_satuan` varchar(6) DEFAULT NULL,
  `harga` float DEFAULT NULL,
  `min_ga` int(5) DEFAULT NULL,
  `max_ga` int(5) DEFAULT NULL,
  `min_cab` int(5) DEFAULT NULL,
  `max_cab` int(5) DEFAULT NULL,
  `foto` varchar(100) DEFAULT NULL,
  `created_at` timestamp NULL DEFAULT current_timestamp(),
  `updated_at` timestamp NOT NULL DEFAULT current_timestamp() ON UPDATE current_timestamp()
) ENGINE=InnoDB DEFAULT CHARSET=latin1;

--
-- Dumping data untuk tabel `atk_barangs`
--

INSERT INTO `atk_barangs` (`id_barang`, `nm_barang`, `id_satuan`, `harga`, `min_ga`, `max_ga`, `min_cab`, `max_cab`, `foto`, `created_at`, `updated_at`) VALUES
('BR001', 'ADVIS PERPANJANGAN DEPOSITO', 'ST005', 200, 1000, 3000, 0, 0, '0.20092019032027.ADVIS.jpg', '2019-09-19 03:19:41', '2019-09-19 20:20:27'),
('BR002', 'AMPLOP ADVIS DEPOSITO', 'ST002', 700, 1000, 3000, NULL, NULL, NULL, '2019-09-19 03:19:41', '2019-09-19 03:19:14'),
('BR003', 'AMPLOP COKLAT FOLIO  ( SURAT MENYURAT)', 'ST002', 65000, 5, 15, NULL, NULL, NULL, '2019-09-19 03:19:41', '2019-09-19 03:19:14'),
('BR004', 'AMPLOP COKLAT FOLIO MAA', 'ST005', 650, 200, 1000, NULL, NULL, NULL, '2019-09-19 03:19:41', '2019-09-19 03:19:14'),
('BR005', 'AMPLOP COKLAT KACA MAA', 'ST002', 450, 500, 1000, NULL, NULL, NULL, '2019-09-19 03:19:41', '2019-09-19 03:19:14'),
('BR006', 'AMPLOP JAMINAN BPKB', 'ST002', 1600, 50, 500, NULL, NULL, NULL, '2019-09-19 03:19:41', '2019-09-19 03:19:14'),
('BR007', 'AMPLOP JAMINAN BPKB - BARU', 'ST005', 1700, 50, 500, NULL, NULL, NULL, '2019-09-19 03:19:41', '2019-09-19 03:19:14'),
('BR008', 'AMPLOP JAMINAN SERTIFIKAT', 'ST002', 3200, 200, 1000, NULL, NULL, NULL, '2019-09-19 03:19:41', '2019-09-19 03:19:14'),
('BR009', 'AMPLOP KOP PUTIH', 'ST002', 40000, 5, 20, NULL, NULL, NULL, '2019-09-19 03:19:41', '2019-09-19 03:19:14'),
('BR010', 'AMPLOP VALLAS BESAR', 'ST002', 300, 200, 1500, NULL, NULL, NULL, '2019-09-19 03:19:41', '2019-09-19 03:19:14'),
('BR011', 'AMPLOP VALLAS KECIL', 'ST002', 200, 500, 1000, NULL, NULL, NULL, '2019-09-19 03:19:41', '2019-09-19 03:19:14'),
('BR012', 'AMPLOP VALLAS KECIL BARU', 'ST002', 250, 500, 1000, NULL, NULL, NULL, '2019-09-19 03:19:41', '2019-09-19 03:19:14'),
('BR013', 'ANALISA KUNJUNGAN KKB', '	ST005', 14000, 10, 30, NULL, NULL, NULL, '2019-09-19 03:19:41', '2019-09-19 03:19:14'),
('BR014', 'APLIKASI KPR MAA', 'ST002', 20000, 10, 30, NULL, NULL, NULL, '2019-09-19 03:19:41', '2019-09-19 03:19:14'),
('BR015', 'APLIKASI PERMOHONAN KREDIT', '	ST002', 16000, 15, 75, NULL, NULL, NULL, '2019-09-19 03:19:41', '2019-09-19 03:19:14'),
('BR016', 'APLIKASI PERMOHONAN KREDIT BACK TO BACK', 'ST002', 12000, 5, 30, NULL, NULL, NULL, '2019-09-19 03:19:41', '2019-09-19 03:19:14'),
('BR017', 'APLIKASI PERMOHONAN KREDIT KPMS - TUNAI', 'ST002', 16000, 15, 75, NULL, NULL, NULL, '2019-09-19 03:19:41', '2019-09-19 03:19:14'),
('BR018', 'APLIKASI PERMOHONAN KREDIT MOTOR', 'ST002', 16000, 10, 30, NULL, NULL, NULL, '2019-09-19 03:19:41', '2019-09-19 03:19:14'),
('BR019', 'APLIKASI PERMOHONAN KREDIT NON PERORANGAN', 'ST002', 12000, 10, 30, NULL, NULL, NULL, '2019-09-19 03:19:41', '2019-09-19 03:19:14'),
('BR020', 'BERITA ACARA SERAH TERIMA MOBIL', 'ST002', 22500, 5, 30, NULL, NULL, NULL, '2019-09-19 03:19:41', '2019-09-19 03:19:14'),
('BR021', 'BERITA ACARA SERAH TERIMA MOTOR', 'ST002', 22500, 5, 30, NULL, NULL, NULL, '2019-09-19 03:19:41', '2019-09-19 03:19:14'),
('BR022', 'BUKTI TANDA TERIMA UANG (BTTU)', 'ST002', 3500, 5, 50, NULL, NULL, NULL, '2019-09-19 03:19:41', '2019-09-19 03:19:14'),
('BR023', 'BUKTI TANDA PENGAMBILAN BARANG JAMINAN', 'ST002', 9500, 20, 60, NULL, NULL, NULL, '2019-09-19 03:19:41', '2019-09-19 03:19:14'),
('BR024', 'BUKTI TANDA TERIMA BPKB', 'ST002', 9000, 10, 30, NULL, NULL, NULL, '2019-09-19 03:19:41', '2019-09-19 03:19:14'),
('BR025', 'BUKTI TANDA TERIMA BARANG JAMINAN', 'ST002', 9000, 15, 50, NULL, NULL, NULL, '2019-09-19 03:19:41', '2019-09-19 03:19:14'),
('BR026', 'CHECKLIST DOKUMEN KREDIT GL - KPMS', 'ST002', 7000, 10, 50, NULL, NULL, NULL, '2019-09-19 03:19:41', '2019-09-19 03:19:14'),
('BR027', 'CHECKLIST DOKUMEN KREDIT KPMS', 'ST002', 8000, 10, 50, NULL, NULL, NULL, '2019-09-19 03:19:41', '2019-09-19 03:19:14'),
('BR028', 'CHECKLIST JAMINAN KENDARAAN', 'ST002', 30000, 5, 50, NULL, NULL, NULL, '2019-09-19 03:19:41', '2019-09-19 03:19:14'),
('BR029', 'CHECKLIST JAMINAN SERTIFIKAT', 'ST002', 30000, 5, 50, NULL, NULL, NULL, '2019-09-19 03:19:41', '2019-09-19 03:19:14'),
('BR030', 'CIF PERUSAHAAN', 'ST002', 18000, 3, 10, NULL, NULL, NULL, '2019-09-19 03:19:41', '2019-09-19 03:19:14'),
('BR031', 'CLEAR CLEAVE LOGO MAA', 'ST002', 2200, 120, 2400, NULL, NULL, NULL, '2019-09-19 03:19:41', '2019-09-19 03:19:14'),
('BR032', 'CLKK I - DEVELOPER', 'ST002', 14000, 5, 20, NULL, NULL, NULL, '2019-09-19 03:19:41', '2019-09-19 03:19:14'),
('BR033', 'CLKK I - JUAL BELI MOBIL', 'ST002', 14000, 5, 20, NULL, NULL, NULL, '2019-09-19 03:19:41', '2019-09-19 03:19:14'),
('BR034', 'CLKK I - JUAL BELI MOBIL BARU', 'ST002', 16000, 5, 20, NULL, NULL, NULL, '2019-09-19 03:19:41', '2019-09-19 03:19:14'),
('BR035', 'CLKK I - KONTRAKTOR', 'ST002', 14000, 5, 20, NULL, NULL, NULL, '2019-09-19 03:19:41', '2019-09-19 03:19:14'),
('BR036', 'CLKK I - PERDAGANGAN', 'ST002', 14000, 5, 20, NULL, NULL, NULL, '2019-09-19 03:19:41', '2019-09-19 03:19:14'),
('BR037', 'CLKK II - DEVELOPER', 'ST002', 7000, 5, 20, NULL, NULL, NULL, '2019-09-19 03:19:41', '2019-09-19 03:19:14'),
('BR038', 'CLKK II - JUAL BELI MOBIL', 'ST002', 7000, 5, 20, NULL, NULL, NULL, '2019-09-19 03:19:41', '2019-09-19 03:19:14'),
('BR039', 'CLKK II - KONTRAKTOR', 'ST002', 7000, 5, 20, NULL, NULL, NULL, '2019-09-19 03:19:41', '2019-09-19 03:19:14'),
('BR040', 'CLKK II - PERDAGANGAN', 'ST002', 8000, 5, 20, NULL, NULL, NULL, '2019-09-19 03:19:41', '2019-09-19 03:19:14'),
('BR041', 'CLKK II - REPEAT ORDER', 'ST002', 8000, 5, 20, NULL, NULL, NULL, '2019-09-19 03:19:41', '2019-09-19 03:19:14'),
('BR042', 'CLKK II - TAKE OVER', 'ST005', 7000, 5, 20, NULL, NULL, NULL, '2019-09-19 03:19:41', '2019-09-19 03:19:14'),
('BR043', 'CONTOH SPECIMENT NASABAH (KCTT)', 'ST010', 525, 100, 2500, NULL, NULL, NULL, '2019-09-19 03:19:41', '2019-09-19 03:19:14'),
('BR044', 'FORM ANALISA KKB MOTOR', 'ST009', 14000, 10, 30, NULL, NULL, NULL, '2019-09-19 03:19:41', '2019-09-19 03:19:14'),
('BR045', 'FORM ANALISIS CONSUMER LOAN MOTOR', 'ST009', 14000, 10, 30, NULL, NULL, NULL, '2019-09-19 03:19:41', '2019-09-19 03:19:14'),
('BR046', 'FORM BIAYA APRAISAL', 'ST009', 14000, 10, 50, NULL, NULL, NULL, '2019-09-19 03:19:41', '2019-09-19 03:19:14'),
('BR047', 'FORM CIF PERORANGAN', 'ST002', 16000, 10, 50, NULL, NULL, NULL, '2019-09-19 03:19:41', '2019-09-19 03:19:14'),
('BR048', 'FORM CIF PERORANGAN - BARU', 'ST002', 18000, 10, 50, NULL, NULL, NULL, '2019-09-19 03:19:41', '2019-09-19 03:19:14'),
('BR049', 'FORM CONFIRM CALL', 'ST002', 14000, 5, 30, NULL, NULL, NULL, '2019-09-19 03:19:41', '2019-09-19 03:19:14'),
('BR050', 'FORM IJIN TERLAMBAT', 'ST002', 4500, 5, 30, NULL, NULL, NULL, '2019-09-19 03:19:41', '2019-09-19 03:19:14'),
('BR051', 'FORM INFORMASI DEBITUR', 'ST005', 7500, 10, 50, NULL, NULL, NULL, '2019-09-19 03:19:41', '2019-09-19 03:19:14'),
('BR052', 'FORM INTERVIEW DEBITUR KPMS', 'ST002', 7000, 10, 50, NULL, NULL, NULL, '2019-09-19 03:19:41', '2019-09-19 03:19:14'),
('BR053', 'FORM ISTIRAHAT CUTI TAHUNAN', 'ST002', 8000, 5, 15, NULL, NULL, NULL, '2019-09-19 03:19:41', '2019-09-19 03:19:14'),
('BR054', 'FORM IZIN MENINGGALKAN KANTOR', 'ST002', 4000, 5, 30, NULL, NULL, NULL, '2019-09-19 03:19:41', '2019-09-19 03:19:14'),
('BR055', 'FORM IZIN MENINGGALKAN KANTOR - BARU', 'ST002', 4500, 5, 30, NULL, NULL, NULL, '2019-09-19 03:19:41', '2019-09-19 03:19:14'),
('BR056', 'FORM LEGAL OPINION', 'ST002', 12000, 10, 50, 0, 0, '0.20092019033827.fORM lEGAL OPINION.jpg', '2019-09-19 03:19:41', '2019-09-19 20:38:27'),
('BR057', 'FORM PEMBUKAAN REKENING ARTHA RENCANA', 'ST002', 12000, 10, 50, 0, 0, '0.20092019034401.FORMULIR PEMBUKAAN REKENING Artha rencana.jpg', '2019-09-19 03:19:41', '2019-09-19 20:44:01'),
('BR058', 'FORM PEMBUKAAN REKENING', 'ST002', 16000, 10, 50, NULL, NULL, NULL, '2019-09-19 03:19:41', '2019-09-19 03:19:14'),
('BR059', 'FORM PEMBUKAAN REKENING - BARU', 'ST002', 18000, 10, 50, NULL, NULL, NULL, '2019-09-19 03:19:41', '2019-09-19 03:19:14'),
('BR060', 'FORM PEMINDAHAN DANA', 'ST002', 15500, 15, 60, 0, 0, '0.20092019034612.Formulir Pemindahan dana.jpg', '2019-09-19 03:19:41', '2019-09-19 20:46:12'),
('BR061', 'FORM PENGAJUAN TAKSASI ANGGUNAN', 'ST002', 14000, 10, 20, 0, 0, '0.20092019034636.Form Pengajuan Taksasi AGUNAN ok.jpg', '2019-09-19 03:19:41', '2019-09-19 20:46:36'),
('BR062', 'FORM PENGAJUAN TAKSASI ANGGUNAN - BARU', 'ST002', 16000, 10, 20, 0, 0, '0.20092019034711.Form Pengajuan Taksasi AGUNAN ok.jpg', '2019-09-19 03:19:41', '2019-09-19 20:47:11'),
('BR063', 'FORM PENGGUNAAN KENDARAAN DINAS', 'ST002', 8000, 5, 20, 0, 0, '0.20092019034737.Form penggunaan kendaraan dinas.jpg', '2019-09-19 03:19:41', '2019-09-19 20:47:37'),
('BR064', 'FORM PENGKINIAN DATA', 'ST002', 14000, 10, 50, 0, 0, '0.20092019034821.Formulir Pengkinian Data.jpg', '2019-09-19 03:19:41', '2019-09-19 20:48:21'),
('BR065', 'FORM PERMOHONAN PELUNASAN PINJAMAN', 'ST005', 4000, 10, 30, 0, 0, '0.20092019034807.Form permohonan pelunasan pinjaman.jpg', '2019-09-19 03:19:41', '2019-09-19 20:48:07'),
('BR066', 'FORM PREPAYMENT', 'ST002', 9500, 20, 60, NULL, NULL, NULL, '2019-09-19 03:19:41', '2019-09-19 03:19:14'),
('BR067', 'FORM REKOMENDASI SO', 'ST002', 7000, 15, 30, NULL, NULL, NULL, '2019-09-19 03:19:41', '2019-09-19 03:19:14'),
('BR068', 'FORM REVIEWER', 'ST006', 12000, 10, 30, NULL, NULL, NULL, '2019-09-19 03:19:41', '2019-09-19 03:19:14'),
('BR069', 'FORM SURVEY KREDIT ANALIST', 'ST002', 7000, 10, 30, NULL, NULL, NULL, '2019-09-19 03:19:41', '2019-09-19 03:19:14'),
('BR070', 'FORM TRADE CHECKING', 'ST002', 12000, 10, 30, NULL, NULL, NULL, '2019-09-19 03:19:41', '2019-09-19 03:19:14'),
('BR071', 'FORM WIC', 'ST002', 7000, 5, 30, NULL, NULL, NULL, '2019-09-19 03:19:41', '2019-09-19 03:19:14'),
('BR072', 'HVS KOP MAA NEW', 'ST006', 110000, 5, 15, NULL, NULL, NULL, '2019-09-19 03:19:41', '2019-09-19 03:19:14'),
('BR073', 'KARTU PINJAMAN DIBERIKAN', 'ST004', 650, 300, 2000, NULL, NULL, NULL, '2019-09-19 03:19:41', '2019-09-19 03:19:14'),
('BR074', 'KARTU SERVICE INDIKATOR - CS', 'ST002', 4000, 10, 20, NULL, NULL, NULL, '2019-09-19 03:19:41', '2019-09-19 03:19:14'),
('BR075', 'KARTU SERVICE INDIKATOR - CUST PENGIKATAN', 'ST002', 4000, 10, 20, NULL, NULL, NULL, '2019-09-19 03:19:41', '2019-09-19 03:19:14'),
('BR076', 'KARTU STOK MUTASI SETORAN TABUNGAN', 'ST002', 28500, 300, 1000, NULL, NULL, NULL, '2019-09-19 03:19:41', '2019-09-19 03:19:14'),
('BR077', 'KARTU SURVEY ADM - BIRU', 'ST002', 120, 300, 700, NULL, NULL, NULL, '2019-09-19 03:19:41', '2019-09-19 03:19:14'),
('BR078', 'KARTU SURVEY CS - HIJAU', 'ST002', 120, 300, 700, NULL, NULL, NULL, '2019-09-19 03:19:41', '2019-09-19 03:19:14'),
('BR079', 'KARTU SURVEY TELLER - MERAH', 'ST005', 120, 300, 700, NULL, NULL, NULL, '2019-09-19 03:19:41', '2019-09-19 03:19:14'),
('BR080', 'KUASA POTONG GAJI DAN REKOMENDASI KPMS', 'ST002', 16000, 15, 50, NULL, NULL, NULL, '2019-09-19 03:19:41', '2019-09-19 03:19:14'),
('BR081', 'LABEL UANG 1.000', 'ST008', 4130, 5, 20, NULL, NULL, NULL, '2019-09-19 03:19:41', '2019-09-19 03:19:14'),
('BR082', 'LABEL UANG 2.000', 'ST008', 4000, 5, 10, NULL, NULL, NULL, '2019-09-19 03:19:41', '2019-09-19 03:19:14'),
('BR083', 'LABEL UANG 5.000', 'ST008', 4000, 5, 10, NULL, NULL, NULL, '2019-09-19 03:19:41', '2019-09-19 03:19:14'),
('BR084', 'LABEL UANG 5.000 BARU', 'ST008', 6000, 5, 10, NULL, NULL, NULL, '2019-09-19 03:19:41', '2019-09-19 03:19:14'),
('BR085', 'LABEL UANG 10.000', 'ST008', 4000, 5, 10, NULL, NULL, NULL, '2019-09-19 03:19:41', '2019-09-19 03:19:14'),
('BR086', 'LABEL UANG 20.000', 'ST008', 8000, 5, 10, NULL, NULL, NULL, '2019-09-19 03:19:41', '2019-09-19 03:19:14'),
('BR087', 'LABEL UANG 50.000', 'ST008', 8000, 10, 20, NULL, NULL, NULL, '2019-09-19 03:19:41', '2019-09-19 03:19:14'),
('BR088', 'LABEL UANG 100.000', 'ST008', 8000, 10, 20, NULL, NULL, NULL, '2019-09-19 03:19:41', '2019-09-19 03:19:14'),
('BR089', 'LABEL UANG 100.000 - BARU', 'ST008', 9000, 10, 20, NULL, NULL, NULL, '2019-09-19 03:19:41', '2019-09-19 03:19:14'),
('BR090', 'LKH KOLEKTOR BARU', 'ST002', 16000, 10, 50, NULL, NULL, NULL, '2019-09-19 03:19:41', '2019-09-19 03:19:14'),
('BR091', 'MAINTENANCE CALL', 'ST002', 14000, 20, 100, NULL, NULL, NULL, '2019-09-19 03:19:41', '2019-09-19 03:19:14'),
('BR092', 'MAP KREDIT BIRU', 'ST005', 6500, 200, 800, NULL, NULL, NULL, '2019-09-19 03:19:41', '2019-09-19 03:19:14'),
('BR093', 'MAP KREDIT MERAH', 'ST002', 6750, 100, 2000, NULL, NULL, NULL, '2019-09-19 03:19:41', '2019-09-19 03:19:14'),
('BR094', 'MAP KREDIT MERAH TEBAL', 'ST002', 12000, 20, 100, NULL, NULL, NULL, '2019-09-19 03:19:41', '2019-09-19 03:19:14'),
('BR095', 'MAP KREDIT KUNING', 'ST005', 4200, 200, 2000, NULL, NULL, NULL, '2019-09-19 03:19:41', '2019-09-19 03:19:14'),
('BR096', 'MAP KREDIT KUNING - BARU', 'ST005', 4500, 200, 2000, NULL, NULL, NULL, '2019-09-19 03:19:41', '2019-09-19 03:19:14'),
('BR097', 'MAP SGP', 'ST005', 4500, 50, 500, NULL, NULL, NULL, '2019-09-19 03:19:41', '2019-09-19 03:19:14'),
('BR098', 'MEMO BUKA/TUTUP BLOKIR', 'ST005', 8000, 10, 30, NULL, NULL, NULL, '2019-09-19 03:19:41', '2019-09-19 03:19:14'),
('BR099', 'MEMO INTERN PENGAKTIFAN REKENING', 'ST005', 3500, 10, 50, NULL, NULL, NULL, '2019-09-19 03:19:41', '2019-09-19 03:19:14'),
('BR100', 'MEMO INTERN PENGKINIAN DATA', 'ST002', 3500, 10, 50, NULL, NULL, NULL, '2019-09-19 03:19:41', '2019-09-19 03:19:14'),
('BR101', 'MEMO MEMINJAM FILE', 'ST005', 4500, 10, 50, NULL, NULL, NULL, '2019-09-19 03:19:41', '2019-09-19 03:19:14'),
('BR102', 'MEMO MPBJ', 'ST002', 6000, 10, 50, NULL, NULL, NULL, '2019-09-19 03:19:41', '2019-09-19 03:19:14'),
('BR103', 'MEMO PENGELUARAN CASH BACK GLAMOUR', 'ST002', 3000, 10, 50, NULL, NULL, NULL, '2019-09-19 03:19:41', '2019-09-19 03:19:14'),
('BR104', 'MEMO PENGELUARAN CASH BACK HOKI', 'ST002', 3000, 10, 50, NULL, NULL, NULL, '2019-09-19 03:19:41', '2019-09-19 03:19:14'),
('BR105', 'MEMO PENYIMPANGAN ADMIN FUNDING', 'ST002', 4000, 10, 30, NULL, NULL, NULL, '2019-09-19 03:19:41', '2019-09-19 03:19:14'),
('BR106', 'MEMO PENYIMPANGAN ADMIN KREDIT', 'ST002', 8000, 15, 75, NULL, NULL, NULL, '2019-09-19 03:19:41', '2019-09-19 03:19:14'),
('BR107', 'MEMO PERMINTAAN ALAT TULIS KANTOR', 'ST002', 6000, 10, 50, NULL, NULL, NULL, '2019-09-19 03:19:41', '2019-09-19 03:19:14'),
('BR108', 'MEMO PERMINTAAN MATERIAL CETAK', 'ST002', 7000, 10, 50, NULL, NULL, NULL, '2019-09-19 03:19:41', '2019-09-19 03:19:14'),
('BR109', 'MEMO PERSETUJUAN BDD NON RANGKAP', 'ST002', 16000, 5, 20, NULL, NULL, NULL, '2019-09-19 03:19:41', '2019-09-19 03:19:14'),
('BR110', 'MEMO PERSETUJUAN BDD RANGKAP', 'ST002', 16000, 5, 20, NULL, NULL, NULL, '2019-09-19 03:19:41', '2019-09-19 03:19:14'),
('BR111', 'MEMO PERSETUJUAN BREAK DEPOSITO', 'ST002', 7000, 10, 50, NULL, NULL, NULL, '2019-09-19 03:19:41', '2019-09-19 03:19:14'),
('BR112', 'MEMO SIRKULASI KREDIT', 'ST005', 400, 500, 3000, NULL, NULL, NULL, '2019-09-19 03:19:41', '2019-09-19 03:19:14'),
('BR113', 'MEMO SPESIAL RATE', 'ST002', 3000, 5, 20, NULL, NULL, NULL, '2019-09-19 03:19:41', '2019-09-19 03:19:14'),
('BR114', 'MEMO SPESIAL RATE RANGKAP', 'ST002', 4500, 5, 20, NULL, NULL, NULL, '2019-09-19 03:19:41', '2019-09-19 03:19:14'),
('BR115', 'MUK 1 LEMBAR BUKU', 'ST002', 14000, 10, 50, NULL, NULL, NULL, '2019-09-19 03:19:41', '2019-09-19 03:19:14'),
('BR116', 'MUK HAL 1 BUKU', 'ST002', 16000, 5, 30, NULL, NULL, NULL, '2019-09-19 03:19:41', '2019-09-19 03:19:14'),
('BR117', 'MUK HAL 2 BUKU', 'ST002', 14000, 5, 30, NULL, NULL, NULL, '2019-09-19 03:19:41', '2019-09-19 03:19:14'),
('BR118', 'MUK HAL 3 BUKU', 'ST002', 12000, 5, 30, NULL, NULL, NULL, '2019-09-19 03:19:41', '2019-09-19 03:19:14'),
('BR119', 'MUK KPMS', 'ST002', 60000, 2, 10, NULL, NULL, NULL, '2019-09-19 03:19:41', '2019-09-19 03:19:14'),
('BR120', 'NOTA JUAL BELI VALLAS', 'ST002', 11500, 25, 75, NULL, NULL, NULL, '2019-09-19 03:19:41', '2019-09-19 03:19:14'),
('BR121', 'OVERLAY STICKER', 'ST004', 120000, 10, 30, NULL, NULL, NULL, '2019-09-19 03:19:41', '2019-09-19 03:19:14'),
('BR122', 'PEMBUKAAN REKENING PERUSAHAAN', 'ST002', 18000, 5, 10, NULL, NULL, NULL, '2019-09-19 03:19:41', '2019-09-19 03:19:14'),
('BR123', 'PENILAIAN JAMINAN KENDARAAN', 'ST002', 16000, 7, 30, NULL, NULL, NULL, '2019-09-19 03:19:41', '2019-09-19 03:19:14'),
('BR124', 'PENILAIAN JAMINAN TANAH DAN BANGUNAN', 'ST002', 12000, 10, 50, 0, 0, '0.20092019034455.PENILAIAN JAMINAN TANAH.jpg', '2019-09-19 03:19:41', '2019-09-19 20:44:55'),
('BR125', 'PENILAIAN JAMINAN TANAH DAN BANGUNAN BARU', 'ST002', 16000, 10, 50, NULL, NULL, NULL, '2019-09-19 03:19:41', '2019-09-19 03:19:14'),
('BR126', 'PERINTAH PEMBUKUAN KREDIT', 'ST005', 4500, 10, 50, NULL, NULL, NULL, '2019-09-19 03:19:41', '2019-09-19 03:19:14'),
('BR127', 'PERMOHONAN PENCAIRAN DEPOSITO', 'ST002', 10000, 10, 30, NULL, NULL, NULL, '2019-09-19 03:19:41', '2019-09-19 03:19:14'),
('BR128', 'PERMOHONAN PENCAIRAN DEPOSITO - BARU', 'ST002', 9000, 10, 30, NULL, NULL, NULL, '2019-09-19 03:19:41', '2019-09-19 03:19:14'),
('BR129', 'PERMOHONAN PENUTUPAN REKENING', 'ST002', 9000, 10, 50, NULL, NULL, NULL, '2019-09-19 03:19:41', '2019-09-19 03:19:14'),
('BR130', 'PLASTIK BILYET DEPOSITO', 'ST005', 1450, 100, 700, NULL, NULL, NULL, '2019-09-19 03:19:41', '2019-09-19 03:19:14'),
('BR131', 'PURCHASE ORDER', 'ST002', 7500, 5, 10, NULL, NULL, NULL, '2019-09-19 03:19:41', '2019-09-19 03:19:14'),
('BR132', 'RKH-LKH', 'ST002', 18000, 20, 50, NULL, NULL, NULL, '2019-09-19 03:19:41', '2019-09-19 03:19:14'),
('BR133', 'SERTIFIKAT ARTHA RENCANA', 'ST002', 400, 500, 1000, NULL, NULL, NULL, '2019-09-19 03:19:41', '2019-09-19 03:19:14'),
('BR134', 'SLIP DEBET', 'ST002', 8500, 50, 300, 0, 0, '0.20092019034202.Slip Debet.jpg', '2019-09-19 03:19:41', '2019-09-19 20:42:02'),
('BR135', 'SLIP KREDIT', 'ST002', 6500, 20, 150, 0, 0, '0.20092019034228.SLIP  KREDIT.jpg', '2019-09-19 03:19:41', '2019-09-19 20:42:28'),
('BR136', 'SLIP KREDIT - BARU', 'ST002', 7000, 20, 150, 0, 0, '0.20092019034249.SLIP  KREDIT.jpg', '2019-09-19 03:19:41', '2019-09-19 20:42:49'),
('BR137', 'SLIP PENARIKAN', 'ST002', 8000, 50, 200, 0, 0, '0.20092019034310.Slip Penarikan.jpg', '2019-09-19 03:19:41', '2019-09-19 20:43:10'),
('BR138', 'SLIP PENARIKAN DENGAN PERNYATAAN', 'ST002', 6000, 20, 150, NULL, NULL, NULL, '2019-09-19 03:19:41', '2019-09-19 03:19:14'),
('BR139', 'SLIP SETORAN', 'ST002', 11000, 50, 300, NULL, NULL, NULL, '2019-09-19 03:19:41', '2019-09-19 03:19:14'),
('BR140', 'SLIP SETORAN TAGIHAN', 'ST002', 10500, 50, 300, NULL, NULL, NULL, '2019-09-19 03:19:41', '2019-09-19 03:19:14'),
('BR141', 'SLIP SETORAN WARKAT', 'ST002', 7500, 20, 150, NULL, NULL, NULL, '2019-09-19 03:19:41', '2019-09-19 03:19:14'),
('BR142', 'STICKER GESEK RANGKA', 'ST008', 55000, 50, 200, NULL, NULL, NULL, '2019-09-19 03:19:41', '2019-09-19 03:19:14'),
('BR143', 'STICKER SEGEL MAA', 'ST002', 6500, 20, 150, NULL, NULL, NULL, '2019-09-19 03:19:41', '2019-09-19 03:19:14'),
('BR144', 'SURAT KUASA DEBET TAB GLAMOR', 'ST002', 14000, 5, 10, NULL, NULL, NULL, '2019-09-19 03:19:41', '2019-09-19 03:19:14'),
('BR145', 'SURAT KUASA TRANSAKSI', 'ST002', 16000, 5, 20, NULL, NULL, NULL, '2019-09-19 03:19:41', '2019-09-19 03:19:14'),
('BR146', 'SURAT PEMESANAN GLAMOUR', 'ST002', 21000, 5, 10, NULL, NULL, NULL, '2019-09-19 03:19:41', '2019-09-19 03:19:14'),
('BR147', 'SURAT PERNYATAAN DAN KUASA GLAMOR', 'ST002', 21000, 10, 100, NULL, NULL, NULL, '2019-09-19 03:19:41', '2019-09-19 03:19:14'),
('BR148', 'SURAT PERNYATAAN DAN KUASA GLAMOR BARU', 'ST002', 23000, 10, 100, NULL, NULL, NULL, '2019-09-19 03:19:41', '2019-09-19 03:19:14'),
('BR149', 'SYARAT DAN KETENTUAN TAR', 'ST002', 12000, 20, 100, NULL, NULL, NULL, '2019-09-19 03:19:41', '2019-09-19 03:19:14'),
('BR150', 'SYARAT DAN KETENTUAN TAR - BARU', 'ST002', 16000, 20, 100, NULL, NULL, NULL, '2019-09-19 03:19:41', '2019-09-19 03:19:14'),
('BR151', 'TANDA TERIMA', 'ST002', 9500, 20, 60, 0, 0, '0.20092019032314.Tanda terima Print.jpg', '2019-09-19 03:19:41', '2019-09-19 20:23:14'),
('BR152', 'TANDA TERIMA KOMISI AGENT', 'ST002', 9000, 5, 10, 0, 0, '0.20092019034521.Tanda terima komisi agent.jpg', '2019-09-19 03:19:41', '2019-09-19 20:45:21'),
('BR153', 'TANDA TERIMA KPNO', 'ST002', 9000, 5, 30, 0, 0, '0.20092019034540.Tanda terima KPNO.jpg', '2019-09-19 03:19:41', '2019-09-19 20:45:40'),
('BR154', 'TANDA TERIMA UANG', 'ST002', 4000, 5, 50, 0, 0, '0.20092019032247.Tanda Terima Uang.jpg', '2019-09-19 03:19:41', '2019-09-19 20:22:47'),
('BR155', 'TELLER EXCHANGE RUPIAH', 'ST002', 4750, 20, 100, 0, 0, '0.20092019032130.TELLER EXCHANGE.jpg', '2019-09-19 03:19:41', '2019-09-19 20:21:30'),
('BR156', 'TELLER EXCHANGE VALLAS', 'ST002', 7800, 20, 100, 0, 0, '0.20092019032212.TELLER EXCHANGE.jpg', '2019-09-19 03:19:41', '2019-09-19 20:22:12');

-- --------------------------------------------------------

--
-- Struktur dari tabel `atk_barangss`
--

CREATE TABLE `atk_barangss` (
  `id_barang` varchar(6) NOT NULL,
  `nm_barang` varchar(100) DEFAULT NULL,
  `id_satuan` varchar(6) DEFAULT NULL,
  `harga` float DEFAULT NULL,
  `min_ga` int(5) DEFAULT NULL,
  `max_ga` int(5) DEFAULT NULL,
  `min_cab` int(5) DEFAULT NULL,
  `max_cab` int(5) DEFAULT NULL,
  `foto` varchar(100) DEFAULT NULL,
  `created_at` timestamp NULL DEFAULT current_timestamp(),
  `updated_at` timestamp NULL DEFAULT current_timestamp() ON UPDATE current_timestamp()
) ENGINE=InnoDB DEFAULT CHARSET=latin1;

-- --------------------------------------------------------

--
-- Struktur dari tabel `atk_carts`
--

CREATE TABLE `atk_carts` (
  `id_cart` int(11) NOT NULL,
  `id_barang` varchar(5) NOT NULL,
  `jml` int(11) NOT NULL,
  `status` enum('0','1','2','3') NOT NULL DEFAULT '0',
  `id_pics` int(11) NOT NULL,
  `created_at` timestamp NOT NULL DEFAULT current_timestamp(),
  `updated_at` timestamp NOT NULL DEFAULT current_timestamp() ON UPDATE current_timestamp()
) ENGINE=InnoDB DEFAULT CHARSET=latin1;

--
-- Dumping data untuk tabel `atk_carts`
--

INSERT INTO `atk_carts` (`id_cart`, `id_barang`, `jml`, `status`, `id_pics`, `created_at`, `updated_at`) VALUES
(3, 'BR011', 5, '3', 4, '2019-09-02 21:08:41', '2019-09-03 00:18:06'),
(4, 'BR010', 10, '3', 4, '2019-09-02 21:08:47', '2019-09-03 00:18:06'),
(5, 'BR011', 2, '2', 2, '2019-09-04 20:07:51', '2019-09-04 20:09:11'),
(6, 'BR010', 1, '2', 2, '2019-09-04 20:07:59', '2019-09-04 20:09:11'),
(7, 'BR011', 1, '2', 4, '2019-09-04 20:08:30', '2019-09-04 20:10:48'),
(8, 'BR011', 1, '2', 2, '2019-09-04 20:22:56', '2019-09-04 20:26:31'),
(9, 'BR010', 4, '2', 2, '2019-09-04 20:22:59', '2019-09-04 20:26:31'),
(10, 'BR011', 5, '2', 4, '2019-09-05 01:31:08', '2019-09-05 01:32:15');

-- --------------------------------------------------------

--
-- Struktur dari tabel `atk_gudangs`
--

CREATE TABLE `atk_gudangs` (
  `id_gudang_brg` int(11) NOT NULL,
  `id_barang` varchar(6) DEFAULT NULL,
  `pic` varchar(5) DEFAULT '1',
  `jml` int(5) NOT NULL DEFAULT 0,
  `created_at` timestamp NULL DEFAULT current_timestamp(),
  `updated_at` timestamp NULL DEFAULT current_timestamp() ON UPDATE current_timestamp()
) ENGINE=InnoDB DEFAULT CHARSET=latin1;

--
-- Dumping data untuk tabel `atk_gudangs`
--

INSERT INTO `atk_gudangs` (`id_gudang_brg`, `id_barang`, `pic`, `jml`, `created_at`, `updated_at`) VALUES
(1, 'BR001', '1', 100, '2019-09-19 03:40:34', '2019-09-19 07:38:26'),
(2, 'BR002', '1', 100, '2019-09-19 03:40:34', '2019-09-19 07:38:26'),
(3, 'BR003', '1', 100, '2019-09-19 03:40:34', '2019-09-19 07:38:27'),
(4, 'BR004', '1', 100, '2019-09-19 03:40:34', '2019-09-19 07:38:29'),
(5, 'BR005', '1', 100, '2019-09-19 03:40:34', '2019-09-19 07:38:29'),
(6, 'BR006', '1', 100, '2019-09-19 03:40:34', '2019-09-19 07:38:30'),
(7, 'BR007', '1', 100, '2019-09-19 03:40:34', '2019-09-19 07:38:30'),
(8, 'BR008', '1', 100, '2019-09-19 03:40:34', '2019-09-19 07:38:31'),
(9, 'BR009', '1', 100, '2019-09-19 03:40:34', '2019-09-19 07:38:32'),
(10, 'BR010', '1', 100, '2019-09-19 03:40:34', '2019-09-19 07:38:32'),
(11, 'BR011', '1', 100, '2019-09-19 03:40:34', '2019-09-19 07:38:34'),
(12, 'BR010', '4', 0, '0000-00-00 00:00:00', '2019-09-19 07:41:59'),
(13, 'BR011', '4', 0, '0000-00-00 00:00:00', '2019-09-19 07:41:59'),
(14, 'BR010', '2', 0, '0000-00-00 00:00:00', '2019-09-19 07:41:59'),
(15, 'BR011', '2', 0, '0000-00-00 00:00:00', '2019-09-19 07:41:59'),
(16, 'BR012', '1', 100, '2019-09-19 03:40:34', '2019-09-19 07:38:37'),
(17, 'BR013', '1', 100, '2019-09-19 03:40:34', '2019-09-19 07:38:37'),
(18, 'BR014', '1', 100, '2019-09-19 03:40:34', '2019-09-19 07:38:40'),
(19, 'BR015', '1', 100, '2019-09-19 03:40:34', '2019-09-19 07:38:40'),
(20, 'BR016', '1', 100, '2019-09-19 03:40:34', '2019-09-19 07:38:42'),
(21, 'BR017', '1', 100, '2019-09-19 03:40:34', '2019-09-19 07:38:42'),
(22, 'BR018', '1', 100, '2019-09-19 03:40:34', '2019-09-19 07:38:43'),
(23, 'BR019', '1', 100, '2019-09-19 03:40:34', '2019-09-19 07:38:43'),
(24, 'BR020', '1', 100, '2019-09-19 03:40:34', '2019-09-19 07:38:44'),
(25, 'BR021', '1', 100, '2019-09-19 03:40:34', '2019-09-19 07:38:44'),
(26, 'BR022', '1', 100, '2019-09-19 03:40:34', '2019-09-19 07:38:45'),
(27, 'BR023', '1', 100, '2019-09-19 03:40:34', '2019-09-19 07:38:46'),
(28, 'BR024', '1', 100, '2019-09-19 03:40:34', '2019-09-19 07:38:46'),
(29, 'BR025', '4', 0, '0000-00-00 00:00:00', '2019-09-19 07:41:59'),
(30, 'BR026', '4', 0, '0000-00-00 00:00:00', '2019-09-19 07:41:59'),
(31, 'BR027', '2', 0, '0000-00-00 00:00:00', '2019-09-19 07:41:59'),
(32, 'BR028', '2', 0, '0000-00-00 00:00:00', '2019-09-19 07:41:59'),
(33, 'BR029', '1', 100, '2019-09-19 03:40:34', '2019-09-19 07:38:51'),
(34, 'BR030', '1', 100, '2019-09-19 03:40:34', '2019-09-19 07:38:52'),
(35, 'BR031', '1', 100, '2019-09-19 03:40:34', '2019-09-19 07:38:54'),
(36, 'BR032', '1', 100, '2019-09-19 03:40:34', '2019-09-19 07:38:54'),
(37, 'BR033', '1', 100, '2019-09-19 03:40:34', '2019-09-19 07:38:55'),
(38, 'BR034', '1', 100, '2019-09-19 03:40:34', '2019-09-19 07:38:56'),
(39, 'BR035', '1', 100, '2019-09-19 03:40:34', '2019-09-19 07:38:57'),
(40, 'BR036', '1', 100, '2019-09-19 03:40:34', '2019-09-19 07:38:59'),
(41, 'BR037', '1', 100, '2019-09-19 03:40:34', '2019-09-19 07:38:59'),
(42, 'BR038', '1', 100, '2019-09-19 03:40:34', '2019-09-19 07:39:00'),
(43, 'BR039', '1', 100, '2019-09-19 03:40:34', '2019-09-19 07:39:01'),
(44, 'BR040', '1', 100, '2019-09-19 03:40:34', '2019-09-19 07:39:01'),
(45, 'BR041', '1', 100, '2019-09-19 03:40:34', '2019-09-19 07:39:02'),
(46, 'BR042', '4', 0, '0000-00-00 00:00:00', '2019-09-19 07:41:59'),
(47, 'BR043', '4', 0, '0000-00-00 00:00:00', '2019-09-19 07:41:59'),
(48, 'BR044', '2', 0, '0000-00-00 00:00:00', '2019-09-19 07:41:59'),
(49, 'BR045', '2', 0, '0000-00-00 00:00:00', '2019-09-19 07:41:59'),
(50, 'BR046', '1', 100, '2019-09-19 03:40:34', '2019-09-19 07:39:07'),
(51, 'BR047', '1', 100, '2019-09-19 03:40:34', '2019-09-19 07:39:08'),
(52, 'BR048', '1', 100, '2019-09-19 03:40:34', '2019-09-19 07:39:08'),
(53, 'BR049', '1', 100, '2019-09-19 03:40:34', '2019-09-19 07:39:09'),
(54, 'BR050', '1', 100, '2019-09-19 03:40:34', '2019-09-19 07:39:10'),
(55, 'BR051', '1', 100, '2019-09-19 03:40:34', '2019-09-19 07:39:10'),
(56, 'BR052', '1', 100, '2019-09-19 03:40:34', '2019-09-19 07:39:11'),
(57, 'BR053', '1', 100, '2019-09-19 03:40:34', '2019-09-19 07:39:12'),
(58, 'BR054', '1', 100, '2019-09-19 03:40:34', '2019-09-19 07:39:13'),
(59, 'BR055', '1', 100, '2019-09-19 03:40:34', '2019-09-19 07:39:14'),
(60, 'BR056', '1', 100, '2019-09-19 03:40:34', '2019-09-19 07:39:15'),
(61, 'BR057', '1', 100, '2019-09-19 03:40:34', '2019-09-19 07:39:15'),
(62, 'BR058', '1', 100, '2019-09-19 03:40:34', '2019-09-19 07:39:16'),
(63, 'BR059', '4', 0, '0000-00-00 00:00:00', '2019-09-19 07:41:59'),
(64, 'BR060', '4', 0, '0000-00-00 00:00:00', '2019-09-19 07:41:59'),
(65, 'BR061', '2', 0, '0000-00-00 00:00:00', '2019-09-19 07:41:59'),
(66, 'BR062', '2', 0, '0000-00-00 00:00:00', '2019-09-19 07:41:59'),
(67, 'BR063', '1', 100, '2019-09-19 03:40:34', '2019-09-19 07:39:20'),
(68, 'BR064', '1', 100, '2019-09-19 03:40:34', '2019-09-19 07:39:21'),
(69, 'BR065', '1', 100, '2019-09-19 03:40:34', '2019-09-19 07:39:22'),
(70, 'BR066', '1', 100, '2019-09-19 03:40:34', '2019-09-19 07:39:23'),
(71, 'BR067', '1', 100, '2019-09-19 03:40:34', '2019-09-19 07:39:23'),
(72, 'BR068', '1', 100, '2019-09-19 03:40:34', '2019-09-19 07:39:25'),
(73, 'BR069', '1', 100, '2019-09-19 03:40:34', '2019-09-19 07:39:25'),
(74, 'BR070', '1', 100, '2019-09-19 03:40:34', '2019-09-19 07:39:26'),
(75, 'BR071', '1', 100, '2019-09-19 03:40:34', '2019-09-19 07:39:26'),
(76, 'BR072', '1', 100, '2019-09-19 03:40:34', '2019-09-19 07:39:28'),
(77, 'BR073', '1', 100, '2019-09-19 03:40:34', '2019-09-19 07:39:29'),
(78, 'BR074', '1', 100, '2019-09-19 03:40:34', '2019-09-19 07:39:30'),
(79, 'BR075', '1', 100, '2019-09-19 03:40:34', '2019-09-19 07:39:30'),
(80, 'BR076', '4', 0, '0000-00-00 00:00:00', '2019-09-19 07:41:59'),
(81, 'BR077', '4', 0, '0000-00-00 00:00:00', '2019-09-19 07:41:59'),
(82, 'BR078', '2', 0, '0000-00-00 00:00:00', '2019-09-19 07:41:59'),
(83, 'BR079', '2', 0, '0000-00-00 00:00:00', '2019-09-19 07:41:59'),
(84, 'BR080', '1', 100, '2019-09-19 03:40:34', '2019-09-19 07:39:36'),
(85, 'BR081', '1', 100, '2019-09-19 03:40:34', '2019-09-19 07:39:36'),
(86, 'BR082', '1', 100, '2019-09-19 03:40:34', '2019-09-19 07:39:38'),
(87, 'BR083', '1', 100, '2019-09-19 03:40:34', '2019-09-19 07:39:38'),
(88, 'BR084', '1', 100, '2019-09-19 03:40:34', '2019-09-19 07:39:39'),
(89, 'BR085', '1', 100, '2019-09-19 03:40:34', '2019-09-19 07:39:39'),
(90, 'BR086', '1', 100, '2019-09-19 03:40:34', '2019-09-19 07:39:40'),
(91, 'BR087', '1', 100, '2019-09-19 03:40:34', '2019-09-19 07:39:41'),
(92, 'BR088', '1', 100, '2019-09-19 03:40:34', '2019-09-19 07:39:41'),
(93, 'BR089', '4', 0, '0000-00-00 00:00:00', '2019-09-19 07:41:59'),
(94, 'BR090', '4', 0, '0000-00-00 00:00:00', '2019-09-19 07:41:59'),
(95, 'BR091', '2', 0, '0000-00-00 00:00:00', '2019-09-19 07:41:59'),
(96, 'BR092', '2', 0, '0000-00-00 00:00:00', '2019-09-19 07:41:59'),
(97, 'BR093', '1', 100, '2019-09-19 03:40:34', '2019-09-19 07:39:46'),
(98, 'BR094', '1', 100, '2019-09-19 03:40:34', '2019-09-19 07:39:47'),
(99, 'BR095', '1', 100, '2019-09-19 03:40:34', '2019-09-19 07:39:49'),
(100, 'BR096', '1', 100, '2019-09-19 03:40:34', '2019-09-19 07:39:49'),
(101, 'BR097', '1', 100, '2019-09-19 03:40:34', '2019-09-19 07:39:50'),
(102, 'BR098', '1', 100, '2019-09-19 03:40:34', '2019-09-19 07:39:52'),
(103, 'BR099', '1', 100, '2019-09-19 03:40:34', '2019-09-19 07:39:52'),
(104, 'BR100', '1', 100, '2019-09-19 03:40:34', '2019-09-19 07:39:53'),
(105, 'BR101', '1', 100, '2019-09-19 03:40:34', '2019-09-19 07:39:54'),
(106, 'BR102', '1', 100, '2019-09-19 03:40:34', '2019-09-19 07:39:55'),
(107, 'BR103', '1', 100, '2019-09-19 03:40:34', '2019-09-19 07:39:55'),
(108, 'BR104', '1', 100, '2019-09-19 03:40:34', '2019-09-19 07:39:57'),
(109, 'BR105', '1', 100, '2019-09-19 03:40:34', '2019-09-19 07:39:58'),
(110, 'BR106', '4', 0, '0000-00-00 00:00:00', '2019-09-19 07:41:59'),
(111, 'BR107', '4', 0, '0000-00-00 00:00:00', '2019-09-19 07:41:59'),
(112, 'BR108', '2', 0, '0000-00-00 00:00:00', '2019-09-19 07:41:59'),
(113, 'BR109', '2', 0, '0000-00-00 00:00:00', '2019-09-19 07:41:59'),
(114, 'BR110', '1', 100, '2019-09-19 03:40:34', '2019-09-19 07:40:22'),
(115, 'BR111', '1', 100, '2019-09-19 03:40:34', '2019-09-19 07:40:22'),
(116, 'BR112', '1', 100, '2019-09-19 03:40:34', '2019-09-19 07:40:22'),
(117, 'BR113', '1', 100, '2019-09-19 03:40:34', '2019-09-19 07:40:22'),
(118, 'BR114', '1', 100, '2019-09-19 03:40:34', '2019-09-19 07:40:22'),
(119, 'BR115', '1', 100, '2019-09-19 03:40:34', '2019-09-19 07:40:22'),
(120, 'BR116', '4', 0, '0000-00-00 00:00:00', '2019-09-19 07:41:59'),
(121, 'BR117', '4', 0, '0000-00-00 00:00:00', '2019-09-19 07:41:59'),
(122, 'BR118', '2', 0, '0000-00-00 00:00:00', '2019-09-19 07:41:59'),
(123, 'BR119', '2', 0, '0000-00-00 00:00:00', '2019-09-19 07:41:59'),
(124, 'BR120', '1', 100, '2019-09-19 03:40:34', '2019-09-19 07:40:22'),
(125, 'BR121', '1', 100, '2019-09-19 03:40:34', '2019-09-19 07:40:22'),
(126, 'BR122', '1', 100, '2019-09-19 03:40:34', '2019-09-19 07:40:22'),
(127, 'BR123', '1', 100, '2019-09-19 03:40:34', '2019-09-19 07:40:22'),
(128, 'BR124', '1', 100, '2019-09-19 03:40:34', '2019-09-19 07:40:22'),
(129, 'BR125', '1', 100, '2019-09-19 03:40:34', '2019-09-19 07:40:22'),
(130, 'BR126', '4', 0, '0000-00-00 00:00:00', '2019-09-19 07:41:59'),
(131, 'BR127', '4', 0, '0000-00-00 00:00:00', '2019-09-19 07:41:59'),
(132, 'BR128', '2', 0, '0000-00-00 00:00:00', '2019-09-19 07:41:59'),
(133, 'BR129', '2', 0, '0000-00-00 00:00:00', '2019-09-19 07:41:59'),
(134, 'BR130', '1', 100, '2019-09-19 03:40:34', '2019-09-19 07:40:22'),
(135, 'BR131', '1', 100, '2019-09-19 03:40:34', '2019-09-19 07:40:22'),
(136, 'BR132', '1', 100, '2019-09-19 03:40:34', '2019-09-19 07:40:22'),
(137, 'BR133', '1', 100, '2019-09-19 03:40:34', '2019-09-19 07:40:22'),
(138, 'BR134', '1', 100, '2019-09-19 03:40:34', '2019-09-19 07:40:22'),
(139, 'BR135', '1', 100, '2019-09-19 03:40:34', '2019-09-19 07:40:22'),
(140, 'BR136', '4', 0, '0000-00-00 00:00:00', '2019-09-19 07:41:59'),
(141, 'BR137', '4', 0, '0000-00-00 00:00:00', '2019-09-19 07:41:59'),
(142, 'BR138', '2', 0, '0000-00-00 00:00:00', '2019-09-19 07:41:59'),
(143, 'BR139', '2', 0, '0000-00-00 00:00:00', '2019-09-19 07:41:59'),
(144, 'BR140', '1', 100, '2019-09-19 03:40:34', '2019-09-19 07:40:22'),
(145, 'BR141', '1', 100, '2019-09-19 03:40:34', '2019-09-19 07:40:22'),
(146, 'BR142', '1', 100, '2019-09-19 03:40:34', '2019-09-19 07:40:22'),
(147, 'BR143', '1', 100, '2019-09-19 03:40:34', '2019-09-19 07:40:22'),
(148, 'BR144', '1', 100, '2019-09-19 03:40:34', '2019-09-19 07:40:22'),
(149, 'BR145', '1', 100, '2019-09-19 03:40:34', '2019-09-19 07:40:22'),
(150, 'BR146', '4', 0, '0000-00-00 00:00:00', '2019-09-19 07:41:59'),
(151, 'BR147', '4', 0, '0000-00-00 00:00:00', '2019-09-19 07:41:59'),
(152, 'BR148', '2', 0, '0000-00-00 00:00:00', '2019-09-19 07:41:59'),
(153, 'BR149', '2', 0, '0000-00-00 00:00:00', '2019-09-19 07:41:59'),
(154, 'BR150', '1', 100, '2019-09-19 03:40:34', '2019-09-19 07:40:22'),
(155, 'BR151', '1', 100, '2019-09-19 03:40:34', '2019-09-19 07:40:22'),
(156, 'BR152', '1', 100, '2019-09-19 03:40:34', '2019-09-19 07:40:22'),
(157, 'BR153', '1', 100, '2019-09-19 03:40:34', '2019-09-19 07:40:22'),
(158, 'BR154', '1', 100, '2019-09-19 03:40:34', '2019-09-19 07:40:22'),
(159, 'BR155', '1', 100, '2019-09-19 03:40:34', '2019-09-19 07:40:22'),
(160, 'BR156', '4', 0, '0000-00-00 00:00:00', '2019-09-19 07:41:59');

-- --------------------------------------------------------

--
-- Struktur dari tabel `atk_pemakaians`
--

CREATE TABLE `atk_pemakaians` (
  `id_pemakaian` int(11) NOT NULL,
  `id_gudang_brg` varchar(5) DEFAULT NULL,
  `jml_pemakaian` int(5) DEFAULT NULL,
  `ket_pemakaian` text DEFAULT NULL,
  `bln_pemakaian` int(5) DEFAULT NULL,
  `thn_pemakaian` int(5) DEFAULT NULL,
  `created_at` timestamp NULL DEFAULT current_timestamp(),
  `updated_at` timestamp NULL DEFAULT current_timestamp() ON UPDATE current_timestamp()
) ENGINE=InnoDB DEFAULT CHARSET=latin1;

--
-- Dumping data untuk tabel `atk_pemakaians`
--

INSERT INTO `atk_pemakaians` (`id_pemakaian`, `id_gudang_brg`, `jml_pemakaian`, `ket_pemakaian`, `bln_pemakaian`, `thn_pemakaian`, `created_at`, `updated_at`) VALUES
(1, '32', 1, 'pakai', 9, 2019, '2019-09-03 01:24:35', '2019-09-03 01:24:35'),
(2, '33', 2, 'dsfs', 9, 2019, '2019-09-03 01:32:49', '2019-09-03 01:32:49'),
(3, '32', 2, 'adasda', 9, 2019, '2019-09-04 20:27:03', '2019-09-04 20:27:03'),
(4, '32', 1, 'ada', 9, 2019, '2019-09-04 20:27:10', '2019-09-04 20:27:10'),
(5, '34', 2, 'adads', 9, 2019, '2019-09-04 21:04:20', '2019-09-04 21:04:20');

-- --------------------------------------------------------

--
-- Struktur dari tabel `atk_pics`
--

CREATE TABLE `atk_pics` (
  `id_pics` int(11) NOT NULL,
  `nm_pic` varchar(50) DEFAULT '0'
) ENGINE=InnoDB DEFAULT CHARSET=latin1;

--
-- Dumping data untuk tabel `atk_pics`
--

INSERT INTO `atk_pics` (`id_pics`, `nm_pic`) VALUES
(1, 'GA'),
(2, 'MAJAPAHIT'),
(3, 'UNGARAN'),
(4, 'PATI'),
(5, 'NGALIYAN'),
(6, 'BOYOLALI'),
(7, 'KEDUNGMUNDU'),
(8, 'PKB'),
(9, 'SIM'),
(10, 'TREASURY'),
(11, 'PENGEM. OPS'),
(12, 'SEKDIR'),
(13, 'VALAS'),
(14, 'UMUM'),
(15, 'KPNO-BISNIS'),
(16, 'KPNO'),
(17, 'KPO'),
(18, 'CA'),
(19, 'IT'),
(20, 'HRD'),
(21, 'SKAI'),
(22, 'SKKMR');

-- --------------------------------------------------------

--
-- Struktur dari tabel `atk_satuans`
--

CREATE TABLE `atk_satuans` (
  `id_satuan` varchar(6) DEFAULT NULL,
  `nm_satuan` varchar(50) DEFAULT NULL,
  `created_at` timestamp NULL DEFAULT current_timestamp(),
  `updated_at` timestamp NULL DEFAULT current_timestamp() ON UPDATE current_timestamp()
) ENGINE=InnoDB DEFAULT CHARSET=latin1;

--
-- Dumping data untuk tabel `atk_satuans`
--

INSERT INTO `atk_satuans` (`id_satuan`, `nm_satuan`, `created_at`, `updated_at`) VALUES
('ST001', 'BOTOL', '2019-08-22 20:24:23', '2019-08-22 20:32:22'),
('ST002', 'BUKU', '2019-08-22 20:24:30', '2019-08-22 20:24:30'),
('ST003', 'GULUNG', '2019-08-22 20:25:00', '2019-08-22 20:25:00'),
('ST004', 'PACK', '2019-08-22 20:25:06', '2019-08-22 20:25:06'),
('ST005', 'PCS', '2019-08-22 20:25:26', '2019-08-22 20:25:26'),
('ST006', 'RIM', '2019-08-22 20:25:34', '2019-08-22 20:25:34'),
('ST007', 'ROLL', '2019-08-22 20:25:41', '2019-08-22 20:25:41'),
('ST008', 'BENDEL', '2019-08-22 20:48:35', '2019-08-22 20:48:35'),
('ST009', 'IKAT', '2019-08-22 20:48:42', '2019-08-22 20:48:42'),
('ST010', 'LEMBAR', '2019-08-22 20:48:52', '2019-08-22 20:48:52');

-- --------------------------------------------------------

--
-- Struktur dari tabel `atk_tambahs`
--

CREATE TABLE `atk_tambahs` (
  `id_atk_tambah` int(11) NOT NULL,
  `id_gudang_brg` varchar(5) DEFAULT NULL,
  `id_barang` varchar(5) DEFAULT NULL,
  `pic_beli` varchar(50) DEFAULT NULL,
  `jml_beli` int(5) DEFAULT NULL,
  `harga_beli` float DEFAULT NULL,
  `bulan_beli` int(5) DEFAULT NULL,
  `tahun_beli` int(5) DEFAULT NULL,
  `created_at` timestamp NULL DEFAULT current_timestamp(),
  `updated_at` timestamp NULL DEFAULT current_timestamp() ON UPDATE current_timestamp()
) ENGINE=InnoDB DEFAULT CHARSET=latin1;

--
-- Dumping data untuk tabel `atk_tambahs`
--

INSERT INTO `atk_tambahs` (`id_atk_tambah`, `id_gudang_brg`, `id_barang`, `pic_beli`, `jml_beli`, `harga_beli`, `bulan_beli`, `tahun_beli`, `created_at`, `updated_at`) VALUES
(49, '21', 'BR001', '1', 80, NULL, 8, 2019, '2019-09-02 19:34:02', '2019-09-12 03:00:23'),
(50, '22', 'BR002', '1', 900, NULL, 8, 2019, '2019-09-02 19:34:02', '2019-09-12 03:18:34'),
(51, '23', 'BR003', '1', 900, NULL, 8, 2019, '2019-09-02 19:34:02', '2019-09-12 03:00:22'),
(52, '24', 'BR004', '1', 40, NULL, 8, 2019, '2019-09-02 19:34:02', '2019-09-12 03:00:20'),
(53, '25', 'BR005', '1', 960, NULL, 8, 2019, '2019-09-02 19:34:02', '2019-09-12 03:00:18'),
(54, '26', 'BR006', '1', 100, NULL, 8, 2019, '2019-09-02 19:34:02', '2019-09-12 03:00:12'),
(55, '27', 'BR007', '1', 90, NULL, 8, 2019, '2019-09-02 19:34:02', '2019-09-12 03:00:10'),
(56, '28', 'BR008', '1', 90, NULL, 8, 2019, '2019-09-02 19:34:02', '2019-09-12 03:00:09'),
(57, '29', 'BR009', '1', 9, NULL, 8, 2019, '2019-09-02 19:34:02', '2019-09-12 03:00:07'),
(58, '30', 'BR010', '1', 50, NULL, 8, 2019, '2019-09-02 19:34:02', '2019-09-12 03:00:05'),
(59, '21', 'BR001', '1', 1, NULL, 8, 2019, '2019-09-02 19:35:20', '2019-09-12 03:00:03'),
(60, '22', 'BR002', '1', 1, NULL, 8, 2019, '2019-09-02 19:35:20', '2019-09-12 03:00:00'),
(61, '23', 'BR003', '1', 1, NULL, 8, 2019, '2019-09-02 19:35:20', '2019-09-12 02:59:58'),
(62, '24', 'BR004', '1', 1, NULL, 8, 2019, '2019-09-02 19:35:20', '2019-09-12 02:59:56'),
(63, '25', 'BR005', '1', 1, NULL, 8, 2019, '2019-09-02 19:35:20', '2019-09-12 02:59:55'),
(64, '26', 'BR006', '1', 1, NULL, 8, 2019, '2019-09-02 19:35:20', '2019-09-12 02:59:53'),
(65, '27', 'BR007', '1', 1, NULL, 8, 2019, '2019-09-02 19:35:20', '2019-09-12 02:59:52'),
(66, '28', 'BR008', '1', 1, NULL, 8, 2019, '2019-09-02 19:35:20', '2019-09-12 02:59:50'),
(67, '29', 'BR009', '1', 1, NULL, 8, 2019, '2019-09-02 19:35:20', '2019-09-12 02:59:48'),
(68, '30', 'BR010', '1', 1, NULL, 8, 2019, '2019-09-02 19:35:20', '2019-09-12 02:59:47'),
(71, '32', 'BR010', '4', 10, NULL, 8, 2019, '2019-09-02 21:37:05', '2019-09-12 02:59:45'),
(72, '33', 'BR011', '4', 5, NULL, 8, 2019, '2019-09-02 21:37:05', '2019-09-12 02:59:43'),
(73, '34', 'BR010', '2', 1, NULL, 8, 2019, '2019-09-04 20:09:11', '2019-09-12 02:59:41'),
(74, '35', 'BR011', '2', 2, NULL, 8, 2019, '2019-09-04 20:09:11', '2019-09-12 02:59:38'),
(75, '36', 'BR011', '4', 1, NULL, 8, 2019, '2019-09-04 20:10:48', '2019-09-12 02:59:40'),
(76, '36', 'BR010', '2', 4, NULL, 8, 2019, '2019-09-04 20:26:31', '2019-09-12 02:59:36'),
(77, '37', 'BR011', '2', 1, NULL, 8, 2019, '2019-09-04 20:26:31', '2019-09-12 02:59:34'),
(78, '21', 'BR001', '1', 4, NULL, 8, 2019, '2019-09-05 01:20:24', '2019-09-12 02:59:32'),
(79, '22', 'BR002', '1', 4, NULL, 8, 2019, '2019-09-05 01:20:24', '2019-09-12 02:59:29'),
(80, '23', 'BR003', '1', 4, NULL, 8, 2019, '2019-09-05 01:20:24', '2019-09-12 02:59:22'),
(81, '24', 'BR004', '1', 4, NULL, 8, 2019, '2019-09-05 01:20:24', '2019-09-12 02:59:20'),
(82, '25', 'BR005', '1', 4, NULL, 8, 2019, '2019-09-05 01:20:24', '2019-09-12 02:59:18'),
(83, '26', 'BR006', '1', 4, NULL, 8, 2019, '2019-09-05 01:20:24', '2019-09-12 02:59:16'),
(84, '27', 'BR007', '1', 4, NULL, 8, 2019, '2019-09-05 01:20:24', '2019-09-12 02:59:13'),
(85, '28', 'BR008', '1', 4, NULL, 8, 2019, '2019-09-05 01:20:24', '2019-09-12 02:59:09'),
(86, '29', 'BR009', '1', NULL, NULL, 8, 2019, '2019-09-05 01:20:24', '2019-09-12 02:59:07'),
(87, '30', 'BR010', '1', NULL, NULL, 8, 2019, '2019-09-05 01:20:24', '2019-09-12 02:59:05'),
(88, '36', 'BR011', '4', 5, NULL, 8, 2019, '2019-09-05 01:32:15', '2019-09-12 02:59:03'),
(89, '37', 'BR012', '1', 10, NULL, 8, 2019, '2019-09-05 19:57:43', '2019-09-12 02:59:01'),
(90, '31', 'BR011', '1', 1, NULL, 9, 2019, '2019-09-11 19:57:25', '2019-09-11 19:57:25'),
(91, '37', 'BR012', '1', 1, NULL, 9, 2019, '2019-09-11 19:57:25', '2019-09-11 19:57:25'),
(92, '38', 'BR013', '1', 1, NULL, 9, 2019, '2019-09-11 19:57:26', '2019-09-11 19:57:26'),
(93, '21', 'BR001', '1', 1, NULL, 9, 2019, '2019-09-11 19:58:26', '2019-09-11 19:58:26'),
(94, '22', 'BR002', '1', 1, NULL, 9, 2019, '2019-09-11 19:58:26', '2019-09-11 19:58:26'),
(95, '23', 'BR003', '1', 1, NULL, 9, 2019, '2019-09-11 19:58:26', '2019-09-11 19:58:26'),
(96, '24', 'BR004', '1', 1, NULL, 9, 2019, '2019-09-11 19:58:26', '2019-09-11 19:58:26'),
(97, '25', 'BR005', '1', 1, NULL, 9, 2019, '2019-09-11 19:58:26', '2019-09-11 19:58:26'),
(98, '26', 'BR006', '1', 1, NULL, 9, 2019, '2019-09-11 19:58:26', '2019-09-11 19:58:26'),
(99, '27', 'BR007', '1', 1, NULL, 9, 2019, '2019-09-11 19:58:26', '2019-09-11 19:58:26'),
(100, '28', 'BR008', '1', 1, NULL, 9, 2019, '2019-09-11 19:58:26', '2019-09-11 19:58:26'),
(101, '29', 'BR009', '1', 1, NULL, 9, 2019, '2019-09-11 19:58:26', '2019-09-11 19:58:26'),
(102, '30', 'BR010', '1', 1, NULL, 9, 2019, '2019-09-11 19:58:26', '2019-09-11 19:58:26');

-- --------------------------------------------------------

--
-- Struktur dari tabel `bagians`
--

CREATE TABLE `bagians` (
  `id` int(11) UNSIGNED NOT NULL,
  `nama_bagian` varchar(100) NOT NULL,
  `created_at` timestamp NOT NULL DEFAULT current_timestamp() ON UPDATE current_timestamp(),
  `updated_at` timestamp NOT NULL DEFAULT '0000-00-00 00:00:00'
) ENGINE=InnoDB DEFAULT CHARSET=latin1;

--
-- Dumping data untuk tabel `bagians`
--

INSERT INTO `bagians` (`id`, `nama_bagian`, `created_at`, `updated_at`) VALUES
(1, 'ADMIN KREDIT', '0000-00-00 00:00:00', '0000-00-00 00:00:00'),
(2, 'ADMIN PEMASARAN', '0000-00-00 00:00:00', '0000-00-00 00:00:00'),
(3, 'ADMIN PEMASARAN KPMS', '0000-00-00 00:00:00', '0000-00-00 00:00:00'),
(4, 'ADMIN PENAGIHAN ', '0000-00-00 00:00:00', '0000-00-00 00:00:00'),
(5, 'ADMIN PENAGIHAN & KMK', '0000-00-00 00:00:00', '0000-00-00 00:00:00'),
(6, 'ADMIN PINJAMAN', '0000-00-00 00:00:00', '0000-00-00 00:00:00'),
(7, 'ANALIS KREDIT', '0000-00-00 00:00:00', '0000-00-00 00:00:00'),
(8, 'ANALISA KREDIT & PENJUALAN KKL', '0000-00-00 00:00:00', '0000-00-00 00:00:00'),
(9, 'BISNIS', '0000-00-00 00:00:00', '0000-00-00 00:00:00'),
(10, 'DANA', '0000-00-00 00:00:00', '0000-00-00 00:00:00'),
(11, 'DANA & KONSUMER', '0000-00-00 00:00:00', '0000-00-00 00:00:00'),
(12, 'DIRKOM', '0000-00-00 00:00:00', '0000-00-00 00:00:00'),
(13, 'KAS', '0000-00-00 00:00:00', '0000-00-00 00:00:00'),
(14, 'KAS MOBKAS', '0000-00-00 00:00:00', '0000-00-00 00:00:00'),
(15, 'KAS VALAS', '0000-00-00 00:00:00', '0000-00-00 00:00:00'),
(16, 'KKL', '0000-00-00 00:00:00', '0000-00-00 00:00:00'),
(17, 'KMK', '0000-00-00 00:00:00', '0000-00-00 00:00:00'),
(18, 'KOMERSIAL', '0000-00-00 00:00:00', '0000-00-00 00:00:00'),
(19, 'KOMISARIS INDEPENDEN', '0000-00-00 00:00:00', '0000-00-00 00:00:00'),
(20, 'KONSUMER', '0000-00-00 00:00:00', '0000-00-00 00:00:00'),
(21, 'KPMS', '0000-00-00 00:00:00', '0000-00-00 00:00:00'),
(22, 'LITIGASI', '0000-00-00 00:00:00', '0000-00-00 00:00:00'),
(23, 'OPERASIONAL', '0000-00-00 00:00:00', '0000-00-00 00:00:00'),
(24, 'PELAYANAN NASABAH', '0000-00-00 00:00:00', '0000-00-00 00:00:00'),
(25, 'PEMASARAN KMK', '0000-00-00 00:00:00', '0000-00-00 00:00:00'),
(26, 'PEMASARAN KPMS', '0000-00-00 00:00:00', '0000-00-00 00:00:00'),
(27, 'PENAGIHAN', '0000-00-00 00:00:00', '0000-00-00 00:00:00'),
(28, 'PENANGANAN KRD BRMSLH', '0000-00-00 00:00:00', '0000-00-00 00:00:00'),
(29, 'PENGEMBANGAN BISNIS', '0000-00-00 00:00:00', '0000-00-00 00:00:00'),
(30, 'PENGIKATAN KREDIT', '0000-00-00 00:00:00', '0000-00-00 00:00:00'),
(31, 'PENJUALAN KKL', '0000-00-00 00:00:00', '0000-00-00 00:00:00'),
(32, 'PENJUALAN KKL & KPR', '0000-00-00 00:00:00', '0000-00-00 00:00:00'),
(33, 'PENJUALAN KPR', '0000-00-00 00:00:00', '0000-00-00 00:00:00'),
(34, 'REV.KRD.&TKSASI AGUNAN', '0000-00-00 00:00:00', '0000-00-00 00:00:00'),
(35, 'SA DANA, KONSUMER', '0000-00-00 00:00:00', '0000-00-00 00:00:00'),
(36, 'SDM', '0000-00-00 00:00:00', '0000-00-00 00:00:00'),
(37, 'SEKRETARIS PERUSAHAAN', '0000-00-00 00:00:00', '0000-00-00 00:00:00'),
(38, 'SENTRALISASI OPERASIONAL', '0000-00-00 00:00:00', '0000-00-00 00:00:00'),
(39, 'SIM & TI', '0000-00-00 00:00:00', '0000-00-00 00:00:00'),
(40, 'SKAI', '0000-00-00 00:00:00', '0000-00-00 00:00:00'),
(41, 'SKKMR', '0000-00-00 00:00:00', '0000-00-00 00:00:00'),
(42, 'TREASURY', '0000-00-00 00:00:00', '0000-00-00 00:00:00'),
(43, 'UMUM', '0000-00-00 00:00:00', '0000-00-00 00:00:00'),
(44, 'SEKRETARIS BISNIS', '2018-01-08 05:23:21', '2018-01-08 05:23:21'),
(45, 'BUSSINESS SUPPORT', '2018-01-08 05:24:47', '2018-01-08 05:24:47'),
(46, 'LEGAL COORPORATE', '2018-01-08 05:25:03', '2018-01-08 05:25:03'),
(47, 'KPR & KKL', '2018-01-08 05:30:24', '2018-01-08 05:30:24'),
(48, 'ADMIN DEPOSITO', '2018-01-08 05:59:40', '2018-01-08 05:59:40');

-- --------------------------------------------------------

--
-- Struktur dari tabel `cabangs`
--

CREATE TABLE `cabangs` (
  `id` int(3) UNSIGNED NOT NULL,
  `nama` varchar(50) NOT NULL,
  `created_at` timestamp NOT NULL DEFAULT current_timestamp() ON UPDATE current_timestamp(),
  `updated_at` timestamp NOT NULL DEFAULT '0000-00-00 00:00:00'
) ENGINE=InnoDB DEFAULT CHARSET=latin1;

--
-- Dumping data untuk tabel `cabangs`
--

INSERT INTO `cabangs` (`id`, `nama`, `created_at`, `updated_at`) VALUES
(1, 'Kantor Cabang Utama', '0000-00-00 00:00:00', '0000-00-00 00:00:00'),
(2, 'Kantor Cabang Majapahit', '0000-00-00 00:00:00', '0000-00-00 00:00:00'),
(3, 'Kantor Cabang Ungaran', '0000-00-00 00:00:00', '0000-00-00 00:00:00'),
(4, 'Kantor Cabang Pati', '0000-00-00 00:00:00', '0000-00-00 00:00:00'),
(5, 'Kantor Cabang Ngaliyan', '0000-00-00 00:00:00', '0000-00-00 00:00:00'),
(6, 'Kantor Cabang Boyolali', '0000-00-00 00:00:00', '0000-00-00 00:00:00'),
(7, 'Kantor Cabang Kedungmundu', '2018-10-25 02:35:24', '0000-00-00 00:00:00'),
(8, 'KPNO', '0000-00-00 00:00:00', '0000-00-00 00:00:00');

-- --------------------------------------------------------

--
-- Struktur dari tabel `jabatans`
--

CREATE TABLE `jabatans` (
  `id` int(11) UNSIGNED NOT NULL,
  `nama_jabatan` varchar(100) NOT NULL,
  `created_at` timestamp NOT NULL DEFAULT current_timestamp() ON UPDATE current_timestamp(),
  `updated_at` timestamp NOT NULL DEFAULT '0000-00-00 00:00:00'
) ENGINE=InnoDB DEFAULT CHARSET=latin1;

--
-- Dumping data untuk tabel `jabatans`
--

INSERT INTO `jabatans` (`id`, `nama_jabatan`, `created_at`, `updated_at`) VALUES
(10, 'Sopir', '0000-00-00 00:00:00', '0000-00-00 00:00:00'),
(11, 'Staff & Sopir', '0000-00-00 00:00:00', '0000-00-00 00:00:00'),
(12, 'Satpam', '0000-00-00 00:00:00', '0000-00-00 00:00:00'),
(13, 'Staff', '0000-00-00 00:00:00', '0000-00-00 00:00:00'),
(16, 'Senior Staff', '0000-00-00 00:00:00', '0000-00-00 00:00:00'),
(18, 'PJS Kasie', '0000-00-00 00:00:00', '0000-00-00 00:00:00'),
(19, 'PJS Kepala Marketing', '0000-00-00 00:00:00', '0000-00-00 00:00:00'),
(20, 'Kepala Seksi', '0000-00-00 00:00:00', '0000-00-00 00:00:00'),
(21, 'Waka', '2017-10-25 12:04:50', '2017-10-25 12:04:50'),
(22, 'Kepala Operasional', '0000-00-00 00:00:00', '0000-00-00 00:00:00'),
(24, 'Kepala Bagian', '0000-00-00 00:00:00', '0000-00-00 00:00:00'),
(26, 'Kepala Cabang', '0000-00-00 00:00:00', '0000-00-00 00:00:00'),
(28, 'Kepala Devisi', '0000-00-00 00:00:00', '0000-00-00 00:00:00'),
(30, 'Direktur Bisnis', '0000-00-00 00:00:00', '0000-00-00 00:00:00'),
(32, 'Direktur Kepatuhan dan Operasional', '0000-00-00 00:00:00', '0000-00-00 00:00:00'),
(34, 'Direktur Utama', '0000-00-00 00:00:00', '0000-00-00 00:00:00'),
(36, 'Komisaris', '0000-00-00 00:00:00', '0000-00-00 00:00:00'),
(38, 'Komisaris Utama', '0000-00-00 00:00:00', '0000-00-00 00:00:00'),
(39, 'Pjs KaOps', '2018-07-23 03:10:30', '2018-07-23 03:10:30'),
(40, 'PLT KACAB', '2018-08-24 07:38:52', '2018-08-24 07:38:52');

-- --------------------------------------------------------

--
-- Struktur dari tabel `migrations`
--

CREATE TABLE `migrations` (
  `id` int(10) UNSIGNED NOT NULL,
  `migration` varchar(255) COLLATE utf8mb4_unicode_ci NOT NULL,
  `batch` int(11) NOT NULL
) ENGINE=InnoDB DEFAULT CHARSET=utf8mb4 COLLATE=utf8mb4_unicode_ci;

-- --------------------------------------------------------

--
-- Struktur dari tabel `users`
--

CREATE TABLE `users` (
  `id` bigint(20) UNSIGNED NOT NULL,
  `name` varchar(255) COLLATE utf8mb4_unicode_ci NOT NULL,
  `email` varchar(255) COLLATE utf8mb4_unicode_ci NOT NULL,
  `email_verified_at` timestamp NULL DEFAULT NULL,
  `password` varchar(255) COLLATE utf8mb4_unicode_ci NOT NULL,
  `remember_token` varchar(100) COLLATE utf8mb4_unicode_ci DEFAULT NULL,
  `id_pics` int(11) NOT NULL,
  `created_at` timestamp NULL DEFAULT current_timestamp(),
  `updated_at` timestamp NULL DEFAULT current_timestamp() ON UPDATE current_timestamp(),
  `last_login_at` datetime DEFAULT NULL,
  `last_login_ip` varchar(50) COLLATE utf8mb4_unicode_ci DEFAULT NULL
) ENGINE=InnoDB DEFAULT CHARSET=utf8mb4 COLLATE=utf8mb4_unicode_ci;

--
-- Dumping data untuk tabel `users`
--

INSERT INTO `users` (`id`, `name`, `email`, `email_verified_at`, `password`, `remember_token`, `id_pics`, `created_at`, `updated_at`, `last_login_at`, `last_login_ip`) VALUES
(1, 'GASS', 'ga@bprmaa.com', NULL, '$2y$10$y.2YOfhWx0LVIpC0bSMAR.jfoGtky0AoYqWQoxr.5HQGT.Gze1dPO', NULL, 1, '2019-07-17 00:44:34', '2019-09-20 20:26:57', '2019-09-21 03:26:57', '127.0.0.1'),
(2, 'MAJAPAHIT', 'majapahit@bprmaa.com', NULL, '$2y$10$6CEiCFnRw9DzaAeoO/pohOXpvBKxFPW0efx5pTq5l9sDHqgwuWs1u', NULL, 2, '2019-08-10 02:56:00', '2019-08-10 02:56:01', NULL, NULL),
(3, 'UNGARAN', 'ungaran@bprmaa.com', NULL, '$2y$10$6CEiCFnRw9DzaAeoO/pohOXpvBKxFPW0efx5pTq5l9sDHqgwuWs1u', NULL, 3, '2019-08-10 02:56:18', '2019-08-10 02:56:24', NULL, NULL),
(4, 'PATI', 'pati@bprmaa.com', NULL, '$2y$10$6CEiCFnRw9DzaAeoO/pohOXpvBKxFPW0efx5pTq5l9sDHqgwuWs1u', NULL, 4, '2019-08-10 02:56:43', '2019-08-10 02:56:43', NULL, NULL),
(5, 'NGALIYAN', 'ngaliyan@bprmaa.com', NULL, '$2y$10$6CEiCFnRw9DzaAeoO/pohOXpvBKxFPW0efx5pTq5l9sDHqgwuWs1u', NULL, 5, '2019-08-10 02:57:04', '2019-08-10 02:57:04', NULL, NULL),
(6, 'BOYOLALI', 'boyolali@bprmaa.com', NULL, '$2y$10$6CEiCFnRw9DzaAeoO/pohOXpvBKxFPW0efx5pTq5l9sDHqgwuWs1u', NULL, 6, '2019-08-10 02:57:35', '2019-08-10 02:57:35', NULL, NULL),
(7, 'KEDUNGMUNDU', 'kedungmundu@bprmaa.com', NULL, '$2y$10$6CEiCFnRw9DzaAeoO/pohOXpvBKxFPW0efx5pTq5l9sDHqgwuWs1u', NULL, 7, '2019-08-10 02:57:54', '2019-08-10 02:57:54', NULL, NULL),
(8, 'PKB', 'pkb@bprmaa.com', NULL, '$2y$10$6CEiCFnRw9DzaAeoO/pohOXpvBKxFPW0efx5pTq5l9sDHqgwuWs1u', NULL, 8, '2019-08-10 02:58:20', '2019-08-10 02:58:20', NULL, NULL),
(9, 'SIM', 'sim@bprmaa.com', NULL, '$2y$10$6CEiCFnRw9DzaAeoO/pohOXpvBKxFPW0efx5pTq5l9sDHqgwuWs1u', NULL, 9, '2019-08-10 02:58:33', '2019-08-10 02:58:33', NULL, NULL),
(10, 'TREASURY', 'treasury@bprmaa.com', NULL, '$2y$10$6CEiCFnRw9DzaAeoO/pohOXpvBKxFPW0efx5pTq5l9sDHqgwuWs1u', NULL, 10, '2019-08-10 03:00:44', '2019-08-10 03:00:44', NULL, NULL),
(11, 'PENGEM. OPS', 'pengem.ops@bprma.com', NULL, '$2y$10$6CEiCFnRw9DzaAeoO/pohOXpvBKxFPW0efx5pTq5l9sDHqgwuWs1u', NULL, 11, '2019-08-10 03:01:17', '2019-08-10 03:01:26', NULL, NULL),
(12, 'SEKDIR', 'sekdir@bprmaa.com', NULL, '$2y$10$6CEiCFnRw9DzaAeoO/pohOXpvBKxFPW0efx5pTq5l9sDHqgwuWs1u', NULL, 12, '2019-08-10 03:01:42', '2019-08-10 03:01:42', NULL, NULL),
(13, 'VALAS', 'valas@bprmaa.com', NULL, '$2y$10$6CEiCFnRw9DzaAeoO/pohOXpvBKxFPW0efx5pTq5l9sDHqgwuWs1u', NULL, 13, '2019-08-10 03:02:02', '2019-08-10 03:02:02', NULL, NULL),
(14, 'UMUM', 'umum@bprmaa.com', NULL, '$2y$10$6CEiCFnRw9DzaAeoO/pohOXpvBKxFPW0efx5pTq5l9sDHqgwuWs1u', NULL, 14, '2019-08-10 03:05:11', '2019-08-10 03:10:08', NULL, NULL),
(15, 'KPNO-BISNIS', 'kpno.bisnis@bprmaa.com', NULL, '$2y$10$6CEiCFnRw9DzaAeoO/pohOXpvBKxFPW0efx5pTq5l9sDHqgwuWs1u', NULL, 15, '2019-08-10 03:10:37', '2019-08-10 03:10:37', NULL, NULL),
(16, 'KPNO', 'kpno@bprmaa.com', NULL, '$2y$10$6CEiCFnRw9DzaAeoO/pohOXpvBKxFPW0efx5pTq5l9sDHqgwuWs1u', NULL, 16, '2019-08-10 03:10:55', '2019-08-10 03:10:55', NULL, NULL),
(17, 'KPO', 'kpo@bprmaa.com', NULL, '$2y$10$6CEiCFnRw9DzaAeoO/pohOXpvBKxFPW0efx5pTq5l9sDHqgwuWs1u', NULL, 17, '2019-08-10 03:11:16', '2019-08-10 03:11:16', NULL, NULL),
(18, 'CA', 'ca@bprmaa.com', NULL, '$2y$10$6CEiCFnRw9DzaAeoO/pohOXpvBKxFPW0efx5pTq5l9sDHqgwuWs1u', NULL, 18, '2019-08-10 03:11:29', '2019-08-10 03:11:37', NULL, NULL),
(19, 'IT', 'it@bprmaa.com', NULL, '$2y$10$6CEiCFnRw9DzaAeoO/pohOXpvBKxFPW0efx5pTq5l9sDHqgwuWs1u', NULL, 19, '2019-08-10 03:11:50', '2019-08-10 03:11:50', NULL, NULL),
(20, 'HRD', 'hrd@bprmaa.com', NULL, '$2y$10$6CEiCFnRw9DzaAeoO/pohOXpvBKxFPW0efx5pTq5l9sDHqgwuWs1u', NULL, 20, '2019-08-10 03:12:05', '2019-08-10 03:12:11', NULL, NULL),
(21, 'SKAI', 'skai@bprmaa.com', NULL, '$2y$10$6CEiCFnRw9DzaAeoO/pohOXpvBKxFPW0efx5pTq5l9sDHqgwuWs1u', NULL, 21, '2019-08-10 03:12:21', '2019-08-10 03:12:24', NULL, NULL),
(22, 'SKKMR', 'skkmr@bprmaa.com', NULL, '$2y$10$6CEiCFnRw9DzaAeoO/pohOXpvBKxFPW0efx5pTq5l9sDHqgwuWs1u', NULL, 22, '2019-08-10 03:12:38', '2019-08-10 03:12:38', NULL, NULL),
(23, 'EKO', 'eko@bprmaa.com', NULL, '$2y$10$y.2YOfhWx0LVIpC0bSMAR.jfoGtky0AoYqWQoxr.5HQGT.Gze1dPO', NULL, 1, '2019-08-14 02:34:06', '2019-08-14 02:34:14', NULL, NULL);

-- --------------------------------------------------------

--
-- Struktur dari tabel `users_backups`
--

CREATE TABLE `users_backups` (
  `id` int(10) UNSIGNED NOT NULL,
  `nip` varchar(15) COLLATE utf8mb4_unicode_ci NOT NULL,
  `name` varchar(100) COLLATE utf8mb4_unicode_ci DEFAULT NULL,
  `kelamin` varchar(15) COLLATE utf8mb4_unicode_ci DEFAULT NULL,
  `no_ktp` varchar(20) COLLATE utf8mb4_unicode_ci DEFAULT NULL,
  `agama` varchar(10) COLLATE utf8mb4_unicode_ci DEFAULT NULL,
  `no_hp` varchar(15) COLLATE utf8mb4_unicode_ci DEFAULT NULL,
  `role` tinyint(4) NOT NULL DEFAULT 2,
  `id_jabatan` int(10) UNSIGNED DEFAULT NULL,
  `id_bagian` int(11) UNSIGNED DEFAULT NULL,
  `id_pics` int(11) UNSIGNED DEFAULT NULL,
  `tgl_lahir` date DEFAULT NULL,
  `alamat` varchar(255) COLLATE utf8mb4_unicode_ci DEFAULT NULL,
  `tgl_masuk` date DEFAULT NULL,
  `status_karyawan` varchar(20) COLLATE utf8mb4_unicode_ci DEFAULT NULL,
  `email` varchar(191) COLLATE utf8mb4_unicode_ci DEFAULT NULL,
  `status_user` tinyint(4) NOT NULL DEFAULT 1,
  `avatar` varchar(50) COLLATE utf8mb4_unicode_ci DEFAULT 'default.jpg',
  `password` varchar(191) COLLATE utf8mb4_unicode_ci NOT NULL,
  `remember_token` varchar(100) COLLATE utf8mb4_unicode_ci DEFAULT NULL,
  `created_at` timestamp NULL DEFAULT NULL,
  `updated_at` timestamp NULL DEFAULT NULL
) ENGINE=InnoDB DEFAULT CHARSET=utf8mb4 COLLATE=utf8mb4_unicode_ci;

--
-- Dumping data untuk tabel `users_backups`
--

INSERT INTO `users_backups` (`id`, `nip`, `name`, `kelamin`, `no_ktp`, `agama`, `no_hp`, `role`, `id_jabatan`, `id_bagian`, `id_pics`, `tgl_lahir`, `alamat`, `tgl_masuk`, `status_karyawan`, `email`, `status_user`, `avatar`, `password`, `remember_token`, `created_at`, `updated_at`) VALUES
(1930, '014050417', 'AAN KUSUMANINGTYAS', 'Perempuan', '3374026512900001', 'Islam', '85641125644', 2, 13, 1, 1, '1990-12-23', 'Jl. Erowati Baru I/131 RT 004 RW 008, Kel. Bulu Lor, Semarang Utara', '2014-05-22', 'Tetap', 'aankusumaningtyas@gmail.com', 1, '014050417.JPG', '$2y$10$krD1ZLHkFTys5xR96cEzT.oNzm18bHSZRaE0ggk8UpRc/4Y.gXkj6', 'jrTISeNI8FRj1m8qgDJOUwEcvmMJ7eMB90D8GRK31pWUS47Rlzuqr7jieMQY', '2017-10-11 15:55:50', '2018-08-24 08:08:53'),
(1931, '014060420', 'ABDUL QODIR ZAELANI', 'Laki-Laki', '3374020707870001', 'Islam', '82133547171', 2, 13, 17, 1, '1987-07-07', 'Jl. Setiyaki Tengah II no. 7 RW 06 RW 07, Bulu Lor, Semarang Utara', '2014-06-02', 'Tetap', 'alqodir.aq7787@gmail.com', 1, '014060420.jpg', '$2y$10$vy35rOkcNyT2mMzYxQXoFOOLanWlUZaaF75NTG2YJCC4dnZmoAMc.', NULL, '2017-10-11 15:55:50', '2017-12-15 08:42:15'),
(1932, '012020198', 'AJI MUHAMMAD SUTOPO', 'Laki-Laki', '3374042611760001', 'Islam', '85740730207', 2, 18, 32, 1, '1976-11-26', 'Jl. Kenconowungu Dalam I RT 003 RW 004, Karangayu, Semarang Barat', '2012-02-15', 'Tetap', 'ADJIESAKA10@GMAIL.COM', 1, '012020198.jpg', '$2y$10$Fohf8Wyt3AQHJy8oeSEF/.ulqqlI1KiEUlXd1GAlHI11TIb.e8BfK', NULL, '2017-10-11 15:55:50', '2018-08-24 08:05:53'),
(1933, '011040142', 'ALI MAS UD', 'Laki-Laki', '3374060311760006', 'Islam', '8156682818', 2, 13, 17, 1, '1976-11-03', 'Jl. Sedayu Melati, Perum Shima Regency B-8 RT 005 RW 001, Bangetayu Kulon, Semarang', '2011-04-15', 'Tetap', 'alicahpati@yahoo.co.id', 1, '011040142.jpg', '$2y$10$V2DS/0ImDSkKepBIkjKMvO29qUxzulHdDVEy455Cu1KT2Zk06IoS.', NULL, '2017-10-11 15:55:50', '2017-12-15 08:44:55'),
(1934, '00406026', 'ANDY MARDIYANTO', 'Laki-Laki', '3374021803780006', 'Katholik', '85101304462', 2, 13, 27, 1, '1978-03-18', 'Jl. Sumber Mas I/41 RT 001 RW 005, Panggung Kidul, Semarang Utara', '2006-04-12', 'Tetap', '4ndimardiyanto@gmail.com', 1, '00406026.jpg', '$2y$10$rjXUwdADlkNyDrZzsbsaI.Mxxd0Nazs1cqU5DJJI8neN.Qousm7lS', NULL, '2017-10-11 15:55:50', '2017-10-11 15:55:50'),
(1935, '017080608', 'ANISA FAUZIA', 'Perempuan', '3374084808930002', 'Islam', '83838921577', 2, 13, 5, 1, '1993-08-08', 'JL. KALIWIEU III/4-BRT 02/ RW 02 DESA KALIWIRU KEC. CANDISARI', '2017-08-04', 'Kontrak', 'ffauziaanisa@gmail.com', 1, '017080608.jpg', '$2y$10$uSNj2l4sdmrOrTkvuawazeVvBcgTyJHTROlaN3hqj8J0..pBtM1ZO', NULL, '2017-10-11 15:55:51', '2017-10-11 15:55:51'),
(1936, '017090623', 'ANTONIUS AGUNG KRISTIAN RAJINISWANTA', 'Laki-Laki', '3374101106940001', 'Katholik', '83842996512', 2, 13, 13, 1, '1994-06-11', 'JL. DURIAN UTARA III RT 001/ RW 002, DESA PEDALANGAN, KEC. BANYUMANIK, KAB. SEMARANG', '2017-10-02', 'Kontrak', 'antoniusagungk@gmail.com', 1, '017090623.jpg', '$2y$10$sSjjVp9Xj7qGcU8zxYsOd.epKW1B3Qy4YRgNivk2oWJxCgxuze62G', NULL, '2017-10-11 15:55:51', '2017-10-11 15:55:51'),
(1937, '017050596', 'APRILIA INTAN QURNIA', 'Perempuan', '3374107004950001', 'Islam', '81510180734', 2, 13, 13, 1, '1995-04-30', 'JL. KABARAYA NO.3 RT 03, RW 012, KEL. TANANG, KEC. TEMBALANG, KAB. SEMARANG', '2017-05-05', 'Tetap', 'apriliaintan3004@gmail.com', 1, '017050596.jpg', '$2y$10$UZw7SXM9seLitKWbHCnAOeH/Mse7CCn2d8vW69gccY1S/GeuRcnNi', NULL, '2017-10-11 15:55:51', '2018-07-20 09:07:18'),
(1938, '014040391', 'ARI SETYO AGUNG', 'Laki-Laki', '3374082601760001', 'Islam', '81325628640', 2, 13, 27, 1, '1976-01-26', 'Candi Stom RT 005 RW 010, Candi, Candisari, Semarang', '2014-04-01', 'Tetap', 'ari26agung@gmail.com', 1, '014040391.jpg', '$2y$10$mLSsvGpcyk8H7zK5oM0b9.fZ0DX2aXIyNRPI/LhuwdzSMf3gOUDW6', NULL, '2017-10-11 15:55:51', '2017-10-11 15:55:51'),
(1940, '014050412', 'BAMBANG RIYADI', 'Laki-Laki', '3374072307800001', 'Islam', '81914445448', 2, 20, 27, 2, '1980-07-23', 'Jl. Gaharu Utara Dalam II/116 RT 006 RW 012, Srondol Wetan, Banyumanik, Semarang', '2014-05-07', 'Tetap', 'bambang2014maa@gmail.com', 1, '014050412.jpg', '$2y$10$v8kEUZZ9iR7pdm.PJth.XuDUebWXmUEjJIdUQXSL6qOFO96o4pCqC', 'P1a8dhN3dKOdmZIEeXrXGFkxrMT6EMDfKrFMlu0voto613lXmzq7Jh7sCeC7', '2017-10-11 15:55:51', '2018-07-20 08:56:40'),
(1943, '016040583', 'DIAN DWI MULYA', 'Laki-Laki', '3374062603870003', 'Kristen', '85640008413', 2, 13, 21, 1, '1987-03-26', 'Jl.Kamiluto VI/25 Rt.4 Rw.2 Muktiharjo Kidul Pedurungan', '2016-03-30', 'Tetap', 'diraddm@gmail.com', 1, '016040583.jpg', '$2y$10$jKpvlrSO7iaKvqGdhwqIEeMRvpFjmX8EPjEFxGxhsE94IVeH3.kPm', NULL, '2017-10-11 15:55:52', '2017-11-04 02:31:50'),
(1944, '015010469', 'ELVINA LATIFAH', 'Perempuan', '3374114604900002', 'Islam', '82242281990', 2, 13, 15, 1, '1990-04-06', 'Jl. Trangkil RT 003 RW 002, Ngesrep, Semarang', '2015-01-15', 'Tetap', 'elvinalatifahmaa@gmail.com', 1, '015010469.jpg', '$2y$10$tPs.QyOh0ghiIxQ.hwgHZelfGuK5XH8d5MYTXX9mc.x/wftvZKdg2', NULL, '2017-10-11 15:55:52', '2017-10-11 15:55:52'),
(1945, '011060153', 'GINA HANJARIANI', 'Perempuan', '3374127112860002', 'Islam', '85712544886', 2, 20, 30, 3, '1986-12-31', 'Taman Candi Mutiara Timur II / 536 RT 008 RW 006, Kalipancur, Ngaliyan, Semarang', '2011-06-03', 'Tetap', 'ginahanjariani@gmail.com', 1, '011060153.jpeg', '$2y$10$u7qXuni3EAwu4oYJANtdgeNJ/r1paOAyPuReBTYGjmufFG1w7j.fi', NULL, '2017-10-11 15:55:52', '2018-08-24 07:45:09'),
(1946, '012010192', 'GUNUNG NUGROHO', 'Laki-Laki', '3374022711770005', 'Islam', '81326146500', 2, 13, 1, 1, '1977-11-27', 'Jl. Tawangsari no. 62 RT 006 RW 001, Tanjungmas, Semarang Utara', '2012-01-31', 'Tetap', 'rmgunungnugroho@gmail.com', 1, '012010192.jpg', '$2y$10$ODYxORaJLpXRsL1jXlGMsewW4zF9zw0XcKYCz2r9j2Y5v3oO03bmi', NULL, '2017-10-11 15:55:52', '2017-10-11 15:55:52'),
(1947, '013060295', 'INDAH APRIANI', 'Perempuan', '3327085102830021', 'Islam', '82242752414', 2, 13, 3, 1, '1983-02-11', 'Sugihwaras RT 003 RW 005, Sugihwaras, Pemalang', '2013-06-17', 'Tetap', 'indahapriani460@gmail.com', 1, '013060295.jpg', '$2y$10$St3oaUTmqnLHHLq6NOP43eRuswZ7QxSBmWQk.zwG12aiG9r5kJSDO', NULL, '2017-10-11 15:55:52', '2017-10-11 15:55:52'),
(1948, '016010578', 'LETA AFIANA', 'Perempuan', '3318085104940001', 'Budha', '87834589842', 2, 13, 21, 1, '1994-04-11', 'PEKUWON RT 005/ RW 001, DESA PEKUWON, KEC. JUWANA , KAB PATI', '2016-10-31', 'Tetap', 'leta.afiana777@gmail.com', 1, '016010578.jpg', '$2y$10$j9Bu1b3C.i3kjQfAdP5uCOyP7r06UyYwOosRXrPflHRhDBsxWONae', NULL, '2017-10-11 15:55:52', '2017-11-30 04:08:00'),
(1949, '017020586', 'LISTIO SAPTA ANDIKA', 'Laki-Laki', '3374130907880001', 'Islam', '85726726265', 2, 13, 13, 1, '1988-07-09', 'DESA NGEMPLAK RT 02/ RW 04 KEC.LASEM, KAB. REMBANG', '2017-02-28', 'Tetap', 'listiosaptaandika@gmail.com', 1, '017020586.jpg', '$2y$10$xeqkUwoQtg8r4gg2KKoRd.zo8D6mCl9/dF6kkIfiozy3sJM7W.eBW', NULL, '2017-10-11 15:55:52', '2018-07-20 09:08:43'),
(1950, '014040392', 'M KHOIRUL ANWAR', 'Laki-Laki', '3321011106830003', 'Islam', '85225570244', 2, 13, 40, 8, '1983-06-11', 'Jl. Kauman RT 002 RW 003, Mranggen, Demak', '2014-04-02', 'Tetap', 'awangbprmaa@gmail.com', 1, '014040392.jpg', '$2y$10$tt6qW0cNNBKllrMuAThMKe3rCkcdRMvPQ5K66UGxdfaDxXlihMWv6', NULL, '2017-10-11 15:55:52', '2017-11-03 12:01:35'),
(1951, '01012080', 'M NURUL FATAH', 'Laki-Laki', '3374122802750001', 'Islam', '81328976696', 2, 13, 27, 1, '1975-02-28', 'Jl. Dewi Sartika Timur Gg. V RT 002 RW 005 Sukorejo, Gunung pati, Semarang', '2010-12-08', 'Tetap', 'nffatah@gmail.com', 1, '01012080.jpg', '$2y$10$cMwAEvFOHhcF8oY90bp2eeimV2zV9Jq77.CmsMWvnqwL1tqOVARtS', NULL, '2017-10-11 15:55:52', '2017-10-11 15:55:52'),
(1952, '015010466', 'MARDIAH DAMEANTI HARAHAP', 'Perempuan', '3374104105790001', 'Islam', '89640809011', 2, 13, 30, 2, '1979-05-01', 'Gemahsari XII/328 RT 004 RW 004, Kedungmundu, Tembalang, Semarang', '2015-01-12', 'Tetap', 'dameantimardiah@gmail.com', 1, '015010466.jpg', '$2y$10$wgfP2twzb5duVKscy.jMyeJ5x.HlYtFLgUOtvEeXzYVMiSMMSFL7O', NULL, '2017-10-11 15:55:53', '2018-08-24 07:46:17'),
(1953, '06010044', 'MARYANTO', 'Laki-Laki', '33740715003800002', 'Islam', '81228151830', 2, 13, 17, 1, '1980-03-15', 'Jl. Wonodri Kebon Dalem RT 002 RW 012, Wonodri, Semarang Selatan', '2010-06-26', 'Tetap', 'maryanto.maryanto1980@gmail.com', 1, '06010044.jpg', '$2y$10$ks3Q7.QRcqdGWo9yR14K.ukyUmHu5RHwexz9Ufy1EK.2fNB39Ndiu', NULL, '2017-10-11 15:55:53', '2017-12-15 08:46:20'),
(1954, '01003007', 'MIRMASARI FITRIKA I', 'Perempuan', '3374155509780006', 'Islam', '81575575515', 2, 22, 23, 1, '1978-09-15', 'Taman Candi Prambanan no. 1645 RT 005 RW 010, Kalipancur, Ngaliyan, Semarang', '2003-10-21', 'Tetap', 'mirmasari.fitrika@gmail.com', 1, '01003007.jpg', '$2y$10$WXo1ar/fVlU3nV4zMp0g0ey133jjqh/wjWqrj88/WbNM6y.Ud454e', 'BDvNNdDY5aEci8nbTlhgtXUa3QcVDjtZcXcGfTa4PVHGxjHe4gLakQ8aoKVT', '2017-10-11 15:55:53', '2017-12-15 06:19:16'),
(1955, '015080507', 'MIRZA SELVIA', 'Perempuan', '3374164303920001', 'Islam', '85729448848', 2, 18, 13, 1, '1992-03-02', 'Jl. Stasiun Rt.1 Rw.2 Jerakah Tugu', '2015-08-05', 'Tetap', 'selviamirzaa@gmail.com', 1, '015080507.jpg', '$2y$10$YoZMW4q1L3SDNfARPdiyeeE4y7VpLbRkb5uXZWPyHj.iWMdlrEOru', NULL, '2017-10-11 15:55:53', '2018-08-24 07:58:21'),
(1957, '017060600', 'NUR MAULANA ISKHAK', 'Laki-Laki', '3328141010940013', 'Islam', '8977066155', 2, 13, 30, 1, '1994-10-10', 'SETU RT 02, RW 02 KEL. SETU, KEC TARUB KAB. TEGAL', '2017-06-05', 'Tetap', 'iskhakmaulana517@gmail.com', 1, '017060600.jpg', '$2y$10$szXsYheaLV/rVsI.eYf.2.D9o74mesf5dWN6lAFIDiPmRkjSd0MFC', 'xr1WZoEqgvV2o9LqlVCNVbCjoWDnwJJvo2TgPaS97aob4l3z2PUygdBYUBJj', '2017-10-11 15:55:53', '2018-07-20 08:55:40'),
(1958, '012120267', 'NURCAHYA SUKMA KUSUMA D', 'Perempuan', '3374065601860001', 'Islam', '8562687713', 2, 13, 6, 2, '1986-01-16', 'Jl. Plamongan Elok II C.566 RT 001 RW 011, Pedurungan Kidul , Pedurungan, Semarang', '2012-12-13', 'Tetap', 'sukmaimutz122@gmail.com', 1, '012120267.jpg', '$2y$10$S7HghvqyRq9i/wPf7qGzTey7mDnPUKm8pDIxzzeag7nbPWgNXXJ7m', NULL, '2017-10-11 15:55:53', '2018-07-23 02:45:42'),
(1959, '017030590', 'PAULUS NOVA PUTRA HANDRIYO', 'Laki-Laki', '3314191811940002', 'Katholik', '85799181091', 2, 13, 6, 1, '1994-11-18', 'WIDODO RT 017 DESA DUKUH KEC. TANGEN, KAB. SRAGEN', '2017-03-14', 'Tetap', 'paulnova18@gmail.com', 1, '017030590.jpg', '$2y$10$UN4UPiPJ9T0tRrIRogDvs.N4YubNMfX8sdZM1X5EKtkn7O5RySD0u', 'miZlW2nPITXDPOdqRBUHQeB5YuBQP6myI9XlQmjhuvJj9IGMlGa71x1t02SJ', '2017-10-11 15:55:53', '2018-08-24 08:12:00'),
(1960, '00709058', 'PRIYO SETYO ADI', 'Laki-Laki', '3374060409820001', 'Islam', '81325142101', 2, 40, 9, 7, '1976-06-29', 'Jl. Menjangan VI no. 21 RT 003 RW 010, Palebon, Pedurungan, Semarang', '2009-07-22', 'Tetap', 'Priyo.nasya@yahoo.co.id', 1, '00709058.jpg', '$2y$10$0iP3aldenDO8Eh2tSycr0u1WGBto07oWKlxWe8ZR0k1hNNNd4sGZG', NULL, '2017-10-11 15:55:54', '2018-08-24 07:40:45'),
(1961, '012110263', 'PUGUH KUNCORO', 'Laki-Laki', '3374111709880001', 'Islam', '85640660176', 2, 13, 6, 1, '1988-09-17', 'Merbau III/115 RT 002 RW 007, Padangsari, Banyumanik, Semarang', '2012-11-27', 'Tetap', 'hellopuguh@gmail.com', 1, '012110263.jpg', '$2y$10$NuvSmQizmD7zzLEtqRAOWuhUxqwpfsVB2ZuejKpKjma2TEZ2B7Xsi', 'LKIkpIS0oP1r37jNZADwkIb70uGnA2iq2g5ytyWGlDH7dQQ0O7Mrokfz6xYr', '2017-10-11 15:55:54', '2017-10-11 15:55:54'),
(1963, '014050415', 'RENDY BUDIANTO', 'Laki-Laki', '3374132406870001', 'Katholik', '8156686395', 2, 20, 17, 1, '1987-06-24', 'Puri Anjasmoro B4/23 RT 002 Rw 002,Tawangmas,Semarang Barat', '2014-05-16', 'Tetap', 'Rendy.87@gmail.com', 1, '014050415.jpg', '$2y$10$DPF0D49uosFvwuGB9g6EuOYgsju.q//.zlJc2QDsyF6AvdAIITMA2', NULL, '2017-10-11 15:55:54', '2017-10-11 15:55:54'),
(1966, '017080609', 'RICKY BUDIYANTO', 'Laki-Laki', '3323091012860003', 'Islam', '85743288000', 2, 13, 5, 1, '1986-12-10', 'DUSUN DEMANGAN RT 007/ RW 005, KEL. NGADIREJO, KEC. NGADIREJO', '2017-08-03', 'Kontrak', NULL, 1, '017080609.jpg', '$2y$10$W2HpihGEaiiQtThDLTBSweV5lzv0K3Z.NYoXsr5zsHTBZ19rKPTcO', NULL, '2017-10-11 15:55:54', '2017-10-11 15:55:54'),
(1967, '04010020', 'RIDWAN FAJAR WIJAYA', 'Laki-Laki', '3315181809890002', 'Islam', '82313572359', 2, 20, 21, 1, '1989-09-18', 'Tegowanu Kulon RT 009 RW 001, Tegowanu Kulon, Grobogan', '2010-04-19', 'Tetap', 'fm.papay@gmail.com', 1, '04010020.jpg', '$2y$10$J8z23.D4hr1CMaVQcJEp.OLxtNzBLZ680LDrIJLC4jwgqY2/pT5rW', NULL, '2017-10-11 15:55:54', '2018-02-01 06:26:22'),
(1968, '00709065', 'RIZAL ALFATH IBNU S', 'Laki-Laki', '3374152510840001', 'Islam', '85640699011', 2, 20, 17, 1, '1984-10-25', 'Sedangguwo RT 009 RW 009, Gemah, Pedurungan, Semarang', '2009-07-13', 'Tetap', 'rizalalfath@ymail.com', 1, '00709065.jpg', '$2y$10$1cc5gv16dPQuAaO/UKZMku9B5aKlByy2GaAF4foOrXZuM25yRvA3W', NULL, '2017-10-11 15:55:55', '2018-03-21 04:12:12'),
(1969, '015060502', 'ROBERT CHANDRA', 'Laki-Laki', '3374071609870001', 'Kristen', '87733009958', 2, 13, 17, 1, '1987-09-16', 'Jl. Peterongan Tengah No.6 Rt.4 Rw.2 Semarang Selatan', '2015-06-16', 'Tetap', 'irobertjr@gmail.com', 1, '015060502.jpeg', '$2y$10$Q1hTjGFEtVbvrU6scI9QYupUxP89g1K/sL/GQI9/kDnwXOxOxhWLC', NULL, '2017-10-11 15:55:55', '2017-12-28 11:17:25'),
(1970, '012010178', 'ROSETA APRILIA', 'Perempuan', '3374025904860004', 'Islam', '81315850823', 2, 20, 13, 1, '1986-04-19', 'Kalibaru Timur RT 001 RW 009, Bandarharjo Semarang Utara', '2012-01-09', 'Tetap', 'rosetaaprilia@gmail.com', 1, '012010178.jpg', '$2y$10$1AsbGHs18AxIu0VF4O2zH.PL4CIHveuOKMXQOJMzZwJKkTLNYuQ3m', NULL, '2017-10-11 15:55:55', '2017-10-11 15:55:55'),
(1971, '012040223', 'SAFITRI BUDI PERTIWI', 'Perempuan', '3374025306860002', 'Islam', '82221390099', 2, 13, 48, 1, '1986-06-13', 'Jl. Arimbi 2D/21 Pondok Indraprasta RT 006 RW 002, Plombokan, Semarang Utara', '2012-04-25', 'Tetap', 'fitri.pertiwi011@gmail.com', 1, '012040223.jpg', '$2y$10$q2gnfJYcuGvtCSTo2Gj4pOV5fAv/YI.bY1e9ndviKUeAtE1d2CYvK', NULL, '2017-10-11 15:55:55', '2018-01-08 06:00:22'),
(1972, '017030588', 'SRI AYU SUBANDI', 'Perempuan', '3374144705950001', 'Islam', '87731487883', 2, 13, 10, 1, '1995-05-07', 'CLUSTER ALAM HIJAU MULAWARMAN AH 15. RT 3, RT 14', '2017-03-02', 'Tetap', 'sriayusubandi@gmail.com', 1, '017030588.jpg', '$2y$10$Vy8j4r9.VxXCc7Ga2FcRo.NZE9zzzxNTd5k.4gnAvm/qvQB1C9u5e', NULL, '2017-10-11 15:55:55', '2018-07-20 09:10:18'),
(1973, '00107041', 'SUBHKAN', 'Laki-Laki', '3374060804780003', 'Islam', '8156686251', 2, 26, 9, 1, '1978-04-08', 'Jl. Klipang Pesona Asri II/F-72 RT 002 RW 028, Sendangmulyo, Tembalang, Semarang', '2007-01-02', 'Tetap', 'beckhan.maa@gmail.com', 1, '00107041.jpg', '$2y$10$urgYZJez0ErcOpSqHM5KSeE5/mf.rT.sVRM9SqjHStxRRGCJ3nFq6', NULL, '2017-10-11 15:55:55', '2017-10-11 15:55:55'),
(1974, '013060299', 'SUGENG SIHONO', 'Laki-Laki', '3374050507750004', 'Islam', '82242329647', 2, 13, 27, 1, '1975-07-05', 'Genuksari RT 003 RW 005, Genuksari, Genuk, Semarang', '2013-06-24', 'Tetap', 'sugengbprmaa75@gmail.com', 1, '013060299.jpg', '$2y$10$N8uhCW.gNvwQPsK8vuw9.OfFDq7S2ktS72H6coIypi335yqefc2T.', NULL, '2017-10-11 15:55:55', '2017-10-11 15:55:55'),
(1975, '014100444', 'SUSI NORAKANTI', 'Perempuan', '374065108910005', 'Islam', '89678797125', 2, 13, 1, 7, '1991-08-11', 'TEGAL REJO TLOGOMULYO, RT.06/03 PEDURUNGAN SEMARANG', '2014-10-27', 'Tetap', 'susiparker8@gmail.com', 1, '014100444.jpg', '$2y$10$tcg9i5wmQHla6xKL7/LNBegzuUxUp0./nawCPqLRyQSsXhroXFIDS', NULL, '2017-10-11 15:55:55', '2017-12-15 08:37:57'),
(1977, '016010576', 'TEGUH PUJIANA', 'Laki-Laki', '331513012900003', 'Islam', '85641864083', 2, 13, 32, 1, '1990-12-30', 'JL. CEMPAKA 1/12B RT 001/ RW 013, KEL. PURWODADI, KEC. PURWODADI, KAB. GROBOGAN', '2016-10-26', 'Tetap', 'teguhpujiana@yahoo.co.id', 1, '016010576.jpg', '$2y$10$I6UUQ9daI9ho5tdYrH78ieffrQP3X5E/CsvceSWVnYjUINFWQQJpq', 'gNG38z7cq4nzohLmepx8GdASKjLHVArPCBSIPuJpTnNs7oG7Expy6NWHpOYj', '2017-10-11 15:55:56', '2018-07-20 09:01:32'),
(1978, '012040220', 'T PIETMARINDRA TRIASIH', 'Perempuan', '3374105703760009', 'Khatolik', '8157791236', 2, 20, 21, 1, '1976-03-17', 'Klipang Pesona Asri III Blok E No. 27 RT 010 RW 028, Sendangmulyo, Tembalang, Semarang', '2012-04-04', 'Tetap', 'theresia_piet@yahoo.co.id', 1, '012040220.jpg', '$2y$10$hsVYovnhSHijfUx2vlUXyuHJjWMzujhORoER1gr5OG5KlsAy3QD.m', NULL, '2017-10-11 15:55:56', '2017-10-11 15:55:56'),
(1979, '012120266', 'WIDI HANGESTI PUTRI', 'Perempuan', '3374157009890002', 'Islam', '81901005859', 2, 13, 6, 1, '1989-09-30', 'Jl. Karonsih Utara 339 RT 006 RW 003, Ngaliyan, Semarang', '2012-12-13', 'Tetap', NULL, 1, '012120266.jpg', '$2y$10$nVi/FN02hNYjlYVV3YGR9ed7TFkWhS6JRrn2o0g/l0nJqihgPnfYW', '8ymfNnrSX34Y7dF2Dk8slOV89F2wmBY8wcAuOBvM6ShWkz3Wy5MvAMv4xgU0', '2017-10-11 15:55:56', '2017-10-11 15:55:56'),
(1980, '011040138', 'YAKI IKBAL LATIF', 'Laki-Laki', '3374061401850001', 'Islam', '85225047262', 2, 20, 1, 2, '1985-01-14', 'Perum Klipang Blok RX No.2 RT 005 RT 006, Sendang Mulyo, Tembalang, Semarang', '2011-04-04', 'Tetap', 'zaki14.retro@gmail.com', 1, '011040138.jpg', '$2y$10$jKhzqWaeG6JSLSxsbXJt3OYO4A3e6fQG6/NWiLTMQ0/TtzsME2pye', 'z7JrPpacjii0Zw5JddzwLW2Zx3znwjYlQXGT4Jts28U0uWfSatf12KbFXfhw', '2017-10-11 15:55:56', '2018-08-24 07:47:34'),
(1982, '011030127', 'YUKE INDAR PALUPI', 'Perempuan', '3374074609820001', 'Islam', '89510131836', 2, 20, 15, 1, '1982-09-06', 'Wonodri Grajen I/3 RT 006 RW 008, Wonodri , Semarang Selatan', '2011-03-01', 'Tetap', 'yuke.indar@yahoo.co.id', 1, '011030127.jpg', '$2y$10$PxsYwDbz3IenqJIHVrkj8ODiA7ekN9CBiCR0EDgJVmGux9oCajuTm', NULL, '2017-10-11 15:55:56', '2017-12-15 08:54:15'),
(1983, '00807036', 'A BUDI CAHYONO', 'Laki-Laki', '3374080709790003', 'Katholik', '8156686287', 2, 13, 7, 8, '1979-09-07', 'Lingkungan Klego RT 004 RW 001 Ngempon Bergas', '2007-09-01', 'Tetap', 'budi.cahyonosaja@gmail.com', 1, '00807036.jpg', '$2y$10$HH1ZKDGhvrcsaB/swNaWH.mPh39U4WmDwBZBgYbG33drAvxjOuGK2', NULL, '2017-10-11 15:55:56', '2017-12-15 09:03:52'),
(1984, '01010002', 'ABDUL HANAFIYAH F R', 'Laki-Laki', '337407300480005', 'Islam', '8562719934', 2, 13, 21, 1, '1983-04-30', 'Lemah Gempal IV/07 RT 005 RW 004, Bulustalan,Semarang Selatan', '2010-01-04', 'Tetap', 'doelhanafi@gmail.com', 1, '01010002.jpg', '$2y$10$LpH6P3RDOOBmrkqMOKXQve8Gqn2Tsd8fCra7Q9m3tIWe8ps/mRH.O', NULL, '2017-10-11 15:55:57', '2018-03-21 04:12:42'),
(1985, '014020371', 'A. ALI HASBI', 'Laki-Laki', '3305050109860003', 'Islam', '8170603038', 2, 13, 25, 2, '1986-09-01', 'Jl. Meranti Barat Dalam IV/146, RT 003 RW 015, Srondol Wetan, Banyumanik, Semarang', '2014-02-17', 'Tetap', 'a.alihasbi@gmail.com', 1, '014020371.jpg', '$2y$10$xLjKOYI6x7ltUv4Xj1.lHOzcp49qZ2.hm6FrWhoT/D24RMlkkoUpO', NULL, '2017-10-11 15:55:57', '2017-10-11 15:55:57'),
(1986, '016040579', 'AGUNG PRIYANTO', 'Laki-Laki', '3374072502840002', 'Islam', '85740603613', 2, 13, 27, 2, '1984-02-25', 'Jl.Wonodri Kopen Barat I/56 Rt.4 Rw.XI Semarang', '2016-04-01', 'Tetap', 'agungpriyanto5656@gmail.com', 1, '016040579.jpg', '$2y$10$SDJaM/37P6bVWcAki8p8gOgX1KGLX47yyCNDsv9UAkUpcJjHNegFy', NULL, '2017-10-11 15:55:57', '2017-10-11 15:55:57'),
(1987, '00107016', 'ARIS SETIAWAN', 'Laki-Laki', '3374072712820002', 'Islam', '8156686239', 2, 24, 47, 8, '1982-12-27', 'Jl. Kalicari IV 7B RT 003 RW 003, Kalicari, Pedurungan, Semarang', '2009-07-23', 'Tetap', 'arisetia112@gmail.com', 1, '00107016.jpg', '$2y$10$b4kE72Pn7g1MIn3k/DDIo.vE5ViE/iMEj7Ark.EoMN1tu8Zp7Aory', NULL, '2017-10-11 15:55:57', '2018-01-08 05:31:05'),
(1988, '09010057', 'AYU VITA HAPSARI', 'Perempuan', '3374026007870002', 'Islam', '85713745338', 2, 13, 2, 2, '1987-07-20', 'Kuala Mas IV /179 RT 004 RW 013 Panggung Lor Semarang Utara', '2010-09-15', 'Tetap', 'ayuvitaradityo@gmail.com', 1, '09010057.jpg', '$2y$10$6vUgzG.g709dJXtzj4VBYOPCrNqkPO/Rh5jJvVkmidrzzwqWa9jKG', 'm1ntSbKHWg5Aae4rFERkHO0LFrm0QE4KtXBgMNTVuWQgAVZZ1HjEpQqneGBd', '2017-10-11 15:55:57', '2017-10-11 15:55:57'),
(1989, '014040406', 'CANDRA BAGUS ADITYA', 'Laki-Laki', '3374132004880005', 'Islam', '85726363617', 2, 13, 13, 2, '1988-04-20', 'Jl. Srinindito RT 009 RW 001, Ngemplak Simongan, Semarang Barat', '2014-04-28', 'Tetap', 'candra_b46us@yahoo.com', 1, '014040406.jpg', '$2y$10$s2/JUWNs1.wedTuTY/.GAOj.kuEJSeaoFSw52sANKScLmusz4kCma', NULL, '2017-10-11 15:55:57', '2017-10-11 15:55:57'),
(1990, '014020368', 'DWI MARTANTO', 'Laki-Laki', '3374082911770003', 'Islam', '81390027000', 2, 20, 27, 1, '1977-11-29', 'Genuksari Atas RT 007 RW 009, Tegalsari, Candisari, Semarang', '2014-02-12', 'Tetap', 'dwimartanto77@yahoo.com', 1, '014020368.jpg', '$2y$10$EZ1Tbqy1gOiz7aMLbu6RMe9dD.XciqCv4PsLsFeXY0O7S1XQ/Maeu', NULL, '2017-10-11 15:55:57', '2018-07-20 09:13:15'),
(1991, '013110338', 'EKO KURNIAWAN', 'Laki-Laki', '3318100103900001', 'Katholik', '85866722268', 2, 13, 30, 1, '1990-03-01', 'Jl. Flamboyan XII/A.3 RT 005 RW 005, Kutoharjo, Pati', '2013-11-28', 'Tetap', 'emanuel.eko.kurniawan@gmail.com', 1, '013110338.jpg', '$2y$10$K7oRqA141gkPvMmqEIw4puJcNLjTba1a0Mm9MDn2HGtkWGpTILNR.', '7DBXKoENMGR6IvKNqYNqjxWPXhCtFl2wTZkG6q32CcI1ngxe8aEn5MCzFcyI', '2017-10-11 15:55:57', '2018-08-24 07:45:41'),
(1992, '00908081', 'ETIK SUHARYANI', 'Perempuan', '33741055055820004', 'Islam', '8156687332', 2, 22, 23, 7, '1982-05-15', 'Jl. Emerald Indah IV C.2 / 9 RT 003 RW 024, Meteseh, Tembalang, Semarang', '2008-10-06', 'Tetap', 'etiksuharyani96@gmail.com', 1, '00908081.jpg', '$2y$10$1wlGV06bUXjmNoLtPyAkUeqfgE.NOFD46ixtTqQ0d6EOGdef7Hmmi', 'HGwa9fUg48pLySUDuYASsOO4kLXgDS1UgyuGO2N4544jO9qYiNNZk8uMUjfT', '2017-10-11 15:55:58', '2018-08-24 08:26:36'),
(1993, '013060293', 'FANI SULISTYORINI', 'Perempuan', '3374114507800001', 'Islam', '81901898877', 2, 13, 26, 1, '1980-07-05', 'Perum Dolog Tlogosari no. 13 RT 003 RW 001, Tlogosari Wetan, Pedurungan, Semarang', '2013-06-13', 'Tetap', 'fnny.sulistyorini@gmail.com', 1, '013060293.jpg', '$2y$10$Qk2.bIX6N4vPQZQKw9HXzuXZWIotbFP5hBTKHaE21QT/sGdTaH14e', NULL, '2017-10-11 15:55:58', '2018-09-21 08:23:21'),
(1994, '016040578', 'HERU PRASETYA', 'Laki-Laki', '3374082801810006', 'Islam', '81575819998', 2, 13, 27, 2, '1981-01-28', 'Tegalsari Barat 2 Rt.6/13 No.8 Semarang', '2016-04-01', 'Tetap', 'prasetyaheru040@gmail.com', 1, '016040578.jpg', '$2y$10$Xqe8rFRQ6GpVGSEbdZzkz.CaXngXP2PcDaQgiyU.59HW520yajVsa', NULL, '2017-10-11 15:55:58', '2017-10-11 15:55:58'),
(1996, '015100523', 'KURNIA ALAMSYAH EFFENDY', 'Laki-Laki', '3374090204910002', 'Islam', '85640016498', 2, 13, 25, 2, '1991-04-02', 'Kp. Karangrejo Rt.6 Rw.1 Gajahmungkur', '2015-10-02', 'Tetap', 'alamefendy02@gmail.com', 1, '015100523.jpg', '$2y$10$CNQnGt70EC8T1swvsFNlS.ZhheVHEninjCZ7X3Z.tKoDhfCEHd.7C', NULL, '2017-10-11 15:55:58', '2017-10-11 15:55:58'),
(1997, '014050416', 'LEA NOVALITA', 'Perempuan', '3374115302900003', 'Kristen', '82326352282', 2, 20, 24, 1, '1990-02-13', 'Jl. Jatisari RT 007 RW 001, Ngesrep Banyumanik, Semarang', '2014-05-22', 'Tetap', 'novalitalea@gmail.com', 1, '014050416.jpg', '$2y$10$EAnk2Gh4khyV4cN2TbgdLOdXo3G5fN2YiS8Zg0hZHUtxuoUlEKIeC', NULL, '2017-10-11 15:55:58', '2018-08-24 07:59:29'),
(1998, '017030587', 'MAULANA ARDIAN ANANDA', 'Laki-Laki', '3374082308890006', 'Islam', '85878798771', 2, 13, 32, 2, '1989-08-23', 'JL. TAMAN TEGALSARI II NO. 34 RT 02/ RW 05, KEL. CANDI, KEC. CANDISARI, KOTA SEMARANG', '2017-03-03', 'Tetap', NULL, 1, '017030587.jpg', '$2y$10$UL1eN3E2Eq.oZZjFmYROLe9CFRMwnH3IpWNZQux5ZDjFD3ht4VeAq', NULL, '2017-10-11 15:55:58', '2018-07-23 02:55:09'),
(1999, '012070241', 'MUHAMAD DEDY RIFAI', 'Laki-Laki', '3374030605840001', 'Islam', '81373788432', 2, 20, 25, 2, '1984-05-06', 'Jl.Tlogo Kuning No.9 Rt 007 RW 007, Palebon, Pedurungan, Semarang', '2012-07-02', 'Tetap', 'kuntisrajs@gmail.com', 1, '012070241.jpg', '$2y$10$e2Yk67Ky87bFuFIwkUxxhurTZyTdrMjCu1b.E9eYzp8OZcbFY0YRu', NULL, '2017-10-11 15:55:58', '2017-10-11 15:55:58'),
(2001, '014050414', 'NURUL HIDAYAH', 'Perempuan', '3374095008900004', 'Islam', '87731078064', 2, 13, 24, 2, '1990-08-10', 'Tlompak RT 004 RW 008, Tandang, Tembalang, Semarang', '2014-05-12', 'Tetap', 'nurulhida100890@gmail.com', 1, '014050414.jpg', '$2y$10$yKcfwLS6ZvNTS98X/7vPqOlEelwCWcmahNyZsuiu/1zAoSyGSwY3y', NULL, '2017-10-11 15:55:59', '2017-10-11 15:55:59'),
(2002, '01101094', 'RUMSARI MUTIARAWATI', 'Perempuan', '3374066708870004', 'Kristen', '85865571767', 2, 13, 4, 2, '1987-08-27', 'Gusti Putri I no.11, RT 009 RW 005 ,Tlogosari Kulon, Pedurungan,Semarang', '2011-01-10', 'Tetap', 'rumsari.m@gmail.com', 1, '01101094.jpg', '$2y$10$u5TtIalPhbjsMI1n9Bsg0.OrFLFACC5QMIp9jTTNFZJEjQxgcmuH2', NULL, '2017-10-11 15:55:59', '2017-10-11 15:55:59'),
(2003, '01105012', 'SANI ADILLA', 'Perempuan', '3374066107810002', 'Islam', '8112708181', 2, 16, 10, 2, '1981-07-21', 'Parang Baris III no. 12 RT 002 RW 015 Tlogosari Kulon Pedurungan Semarang', '2005-11-09', 'Tetap', 'sani.adilla@yahoo.com', 1, '01105012.jpg', '$2y$10$0s0uyT66/ydg8IekcpPUIuCHyvJbHUuWI43D6jpnTMtmyIbdAwVXG', NULL, '2017-10-11 15:55:59', '2017-10-11 15:55:59'),
(2004, '014040403', 'SUNU PUJI ANGGORO', 'Laki-Laki', '3374091312880003', 'Islam', '85877719996', 2, 13, 32, 5, '1988-12-13', 'Jl. Bukit Unggul I No. 28 RT 004 RW 002 Bendan Ngisor, Gajah Mungkur, Semarang', '2014-04-28', 'Tetap', NULL, 1, '014040403.jpg', '$2y$10$RQKWq30GCPVXH5ZsqIjmHOGbAIL5rTOLxWohizo3scKQb2CECFW.C', NULL, '2017-10-11 15:55:59', '2018-07-23 03:00:16'),
(2005, '012080252', 'VERY ARDIYANTO', 'Laki-Laki', '3374050106850004', 'Islam', '82220099228', 2, 20, 1, 1, '1985-06-01', 'Parang Kembang VII no.12 RT 005 RW 007, Togosari Kulon, Pedurungan, Semarang', '2012-08-30', 'Tetap', 'very.ardiyanto01@gmail.com', 1, '012080252.jpg', '$2y$10$mih9h.eL1EkwnpBNj4qyTOe2vlTmd4VYwKfn8JaUcqoj.3wW5CHJK', NULL, '2017-10-11 15:55:59', '2018-08-24 08:23:28'),
(2006, '01101085', 'VITRA PRIYANDONO', 'Laki-Laki', '3374091310730001', 'Islam', '8156687199', 2, 13, 27, 2, '1973-10-13', 'Jl. Akasia no. 61 RT 003 RW 002, Sampangan, Gajah Mungkur, Semarang', '2011-01-03', 'Tetap', 'vitrapriyandono@gmail.com', 1, '01101085.jpg', '$2y$10$/6IzhUScQDJoR089efPPGemAcW3DyGlIkd1SV8KN76RsqPW.jc0J2', NULL, '2017-10-11 15:55:59', '2017-10-11 15:55:59'),
(2007, '00000000', 'WAHYU DWI PUSPITASARI', 'Perempuan', '33740346048900003', 'Islam', '85741566313', 2, 13, 1, 2, '1989-04-06', 'Jl.Lintang Trenggono IV Rt.4/Rw.18 Tlogosari Kulon Pedurungan', '2016-02-09', 'Tetap', 'wahyudwipuspitasari@yahoo.com', 1, '00000000.jpg', '$2y$10$NlhWDOJzWs/hMy1Pnrf9wOhsoOgCgLfKmKIMF.vHQ7d5YDEDkXx/O', NULL, '2017-10-11 15:55:59', '2018-03-21 03:49:52'),
(2008, '01010063', 'WISNU WIJAYANTO', 'Laki-Laki', '3374021105820002', 'Islam', '85225272276', 2, 13, 32, 2, '1982-05-11', 'Jl. Udawa Timur II RT 005 RW 010, Bulu Lor, Semarang Utara', '2010-10-15', 'Tetap', 'wisnu.wijayantosaja@gmail.com', 1, '01010063.jpg', '$2y$10$CZ9vp8ysM4NZuJIcZVA6eO3/3k7daV1Cq6.C2pEqkStQZS6Y/2K7a', NULL, '2017-10-11 15:56:00', '2018-07-23 02:55:49'),
(2009, '09010056', 'YUSTISIA RAHMADHIKA', 'Perempuan', '3374106004850002', 'Islam', '81325705766', 2, 20, 46, 8, '1985-04-20', 'Ketileng Asri IX/F-11 RT 009 RW 011 Sendangmulyo Tembalang , Semarang', '2010-09-15', 'Tetap', 'yustisia85@yahoo.co.id', 1, '09010056.jpg', '$2y$10$7qG/r0Vf6jwvKWK8XcDrUOSyjZPTKsg7hX6gQC5iFlKNmo4xDIPNy', 'Mya39hLjSk4yjvvJhDjDXWuT2QFPe7t1lOvCdtoQuWGFMnA84KsMz5Xhgglr', '2017-10-11 15:56:00', '2018-01-08 05:42:45'),
(2010, '00609076', 'ADITYA BAYU AJI', 'Laki-Laki', '3373021610860003', 'Islam', '8156687329', 2, 24, 38, 8, '1986-10-16', 'Sanggrahan RT 02 RW 01 Tingkir Lor, Salatiga', '2009-06-15', 'Tetap', 'ajibayuaditya@gmail.com', 1, '00609076.jpg', '$2y$10$71cTsMf0PuqqtqT6gfN12uhGatnM1lmKo3LQ2HlcRta3y6/4ghWv6', 'NnkAAKyzCkZsDc0iA0Yx3m4TxAvXiHsmTcOPw5cTNqlPNxWhxpGsK4F7cKZW', '2017-10-11 15:56:00', '2018-02-05 08:21:21'),
(2011, '017040592', 'ADITYA REZA PRATAMA', 'Laki-Laki', '3373040206910002', 'Islam', '5740005765', 2, 13, 30, 3, '1991-06-02', 'JL. SUMANTRI V/01 RT 03/ RW 09, DESA DUKUH, KEC. SIDOMUKTI, KAB. SALATIGA', '2017-04-11', 'Tetap', NULL, 1, '017040592.jpg', '$2y$10$bHD0aKSp0q.z/oAbKWExe.OZgdheONUAI0akQ18b3BwHTRYZmO83a', NULL, '2017-10-11 15:56:00', '2018-08-24 08:33:53'),
(2012, '013110337', 'AFIF UDIN ZUHRI', 'Laki-Laki', '3320071508860005', 'Islam', '8156679023', 2, 13, 26, 3, '1986-08-15', 'Gondang RT 008 RW 002, Karanggondang, Mlonggo, Jepara', '2013-11-28', 'Tetap', NULL, 1, '013110337.jpg', '$2y$10$OmgaCa02hQ4ieuVyVC22o.27bG8VkTivKpHF/6mUhhfzdTKvfy45a', NULL, '2017-10-11 15:56:00', '2017-10-11 15:56:00'),
(2016, '01208073', 'DEASY SULISTYORINI', 'Perempuan', '3374016110770001', 'Islam', '85225805637', 2, 13, 25, 3, '1977-01-21', 'Jl. Taman Duta Indah 10 RT 001 RW 009 , Duta Bukit Mas, Banyumanik, Semarang', '2008-12-26', 'Tetap', 'tisy4@yahoo.com', 1, '01208073.jpg', '$2y$10$8C/wdf8Z2XHTZbXOX8vF8eXs3ClVPhVHfHOhOLgPbKmn9MRLIpTC6', NULL, '2017-10-11 15:56:01', '2018-07-23 04:23:05'),
(2018, '015100527', 'DIMAS RAHMAT W', 'Laki-Laki', '3322060403910003', 'Islam', '85600503533', 2, 13, 6, 3, '1991-03-04', 'Bejiwetan Rt.1 Rw.4 Kalibeji Tuntang', '2015-10-05', 'Tetap', 'dimasrahmat10@gmail.com', 1, '015100527.jpg', '$2y$10$iattolzq0K1KL5oPkOWssuGcUpLA/lHIEqR3YKejtBYgwdRYNHyaK', NULL, '2017-10-11 15:56:01', '2017-12-15 09:23:01'),
(2019, '0308062', 'EKO SULISTIYO', 'Laki-Laki', '3374061811830006', 'Islam', '8156686137', 2, 13, 25, 3, '1983-11-18', 'Jl. Sidomulyo IV no. 63 RT 004 RW 020, Muktiharjo Kidul, Pedurungan, Semarang', '2008-03-06', 'Tetap', 'tijox.86@gmail.com', 1, '0308062.jpg', '$2y$10$qqowY8wvaU8KwJKEzWxfYOdSfIhVO0q2mz0mVmqExmAZchzOx9vxC', NULL, '2017-10-11 15:56:01', '2017-10-11 15:56:01'),
(2020, '011020121', 'ERNA SUSANTI', 'Perempuan', '3322136808890003', 'Islam', '85740982828', 2, 20, 1, 3, '1989-08-28', 'Lingkungan Setinggen RT 003 RW 003, Wijil, Bergas, Semarang', '2011-02-21', 'Tetap', 'ernasaadi28@gmail.com', 1, '011020121.jpg', '$2y$10$.rUvVV6OTvdeLx76h1v58OrbSIpJVlAy8AuoLncZYqlQFzUEcZw46', 'Koa3Vdsg92yuWibI1KgxZJD7mSiUsiWAmMREpNr4T3UjXzFbglBMj7H85IQP', '2017-10-11 15:56:01', '2017-12-15 09:26:56'),
(2021, '011030130', 'ERVIANA', 'Perempuan', '3374124411890001', 'Islam', '85640836037', 2, 13, 2, 3, '1989-11-04', 'Patemon RT 003 RW 004 , Patemon, Gunungpati, Semarang', '2011-03-07', 'Tetap', 'noviana.maa@gmail.com', 1, '011030130.jpg', '$2y$10$kIPWBZFLAWUHvoMSXKPeSOQCs5cvJZMF77csLNEJI51zEpN9vVdKu', NULL, '2017-10-11 15:56:01', '2017-10-11 15:56:01'),
(2022, '011010103', 'FRANSISKA NOFIANA', 'Perempuan', '3322135111830002', 'Islam', '8156686351', 2, 20, 32, 3, '1983-11-11', 'Lingkungan Ngempon RT 005 RW 003, Ngempon, Bergas, Semarang', '2011-01-17', 'Tetap', 'sulistiyoheru20@gmail.com', 1, '011010103.jpg', '$2y$10$z5TMWF8xKh.jHT1A1TSq7e1I/J/zlRNy9AfHRCfP5u595B0IC6p/C', NULL, '2017-10-11 15:56:01', '2018-07-23 03:20:54'),
(2023, '013110335', 'HERU SULISTYO', 'Laki-Laki', '3374062302730005', 'Islam', '85876232755', 2, 13, 27, 3, '1978-12-30', 'Jl. Pedurungan Kidul IX RT 006 RW 008, Gemah, Pedurungan, Semarang', '2013-11-26', 'Tetap', 'idaratna1976@gmail.com', 1, '013110335.jpg', '$2y$10$RKuhzfzwDCgro4/AAWJ/1e0bMiz09IOjcx4.nki9LT6JGsoqPa3J6', NULL, '2017-10-11 15:56:01', '2017-10-11 15:56:01'),
(2024, '012010177', 'IDA RATNAWATI', 'Perempuan', '331902460760007', 'Islam', '82137148135', 2, 24, 21, 8, '1976-01-06', 'Jl. Srinindito Raya Timur no. 32 RT 001 RW 003, Ngemplak, Simongan, Semarang Barat', '2012-01-02', 'Tetap', 'jasmimto@gmail.com', 1, '012010177.jpg', '$2y$10$WUa.fjhzOSsbLpO.sctGPuY5O4h75QRTdu/HpDlFtxuGpn5Q/Rsxe', NULL, '2017-10-11 15:56:01', '2018-03-21 03:47:42'),
(2025, '017080616', 'JASMINTO', 'Laki-Laki', '3316140508840001', 'Islam', '81390383875', 2, 13, 32, 3, '1984-08-05', 'PURI DELTA ASRI 5 JL TREMBESI II BLOK E 3-14 RT 001/ RW 014, KALONGAN, UNGARAN TIMUR', '2017-08-25', 'Tetap', '', 1, '017080616.jpg', '$2y$10$8nXeiS/0NyJ8NsqTVaLHJOBppm6vYQeU40ZqlX2o3BF785HjtL0Te', 'M1TmJizGTChHGceizLi8GPVAx2jGAYmQrOMRfnbJNsqPXaNy2cew0AiL3sJw', '2017-10-11 15:56:02', '2018-08-24 08:32:17'),
(2026, '011040137', 'KETUT JONI SIHMAWANTO', 'Laki-Laki', '3322190906820005', 'Islam', '85647454502', 2, 22, 23, 3, '1982-06-09', 'Mijen RT 005 RW 004, Gedanganak, Ungaran Timur', '2011-04-04', 'Tetap', 'sihmawanto16@gmail.com', 1, '011040137.jpg', '$2y$10$8nXeiS/0NyJ8NsqTVaLHJOBppm6vYQeU40ZqlX2o3BF785HjtL0Te', 'lDU3Ku4evVf4BH4788GIBkT6im6oIzmH3P4WcZrNFTfOX9lReiKwOd2iGQYA', '2017-10-11 15:56:02', '2017-12-15 09:17:37'),
(2028, '013090318', 'NUR EKSAN RISWANTO', 'Laki-Laki', '3374082203830002', 'Islam', '8156686155', 2, 13, 7, 3, '1983-03-22', 'Srondol Kulon RT 005 RW 002, Srondol Kulon, Banyumanik, Semarang', '2013-09-23', 'Tetap', 'nurfitri.nuzulia@yahoo.co.id', 1, '013090318.jpg', '$2y$10$Ahwi0eMWAhFs0eryyCH4QOnX93P7Z8jtZd777b0nxFri90PQM7xHK', NULL, '2017-10-11 15:56:02', '2017-10-11 15:56:02'),
(2029, '00108049', 'NUR FITRI NUZULIA', 'Perempuan', '3374114808790007', 'Islam', '8156686318', 2, 20, 26, 3, '1979-08-08', 'Villa Gedawang Permai Blok H no. 7 RT 006 RW 004, Gedawang, Banyumanik, Semarang', '2008-02-01', 'Tetap', 'siswie@gmail.com', 1, '00108049.jpg', '$2y$10$EIDoAG891KqP3wcvzHmiPOah2NgziUsmsfqaiCbDGwdcOpJUHIZ8m', NULL, '2017-10-11 15:56:02', '2017-12-15 09:20:22'),
(2030, '013010271', 'SISWI CAHYAWATI', 'Perempuan', '3322195006880001', 'Islam', '85740404091', 2, 13, 1, 3, '1988-06-10', 'JL. JENDRAL SUDIRMAN NO.9 RT04/04 GEDANGANAK UNGARAN', '2013-01-15', 'Tetap', 'slametwibowo2302@gmail.com', 1, '013010271.jpg', '$2y$10$XphqG/2iWNG47NKKfnzOeusj0Y4DHZGZS6OXUfD1pRD7xH8ZqgPey', 'RDu2A3Kx7EOS690d9IALyzwzpKPRlUNnFii5lRebItiwkZqJYrGVHuO5TfJV', '2017-10-11 15:56:02', '2017-12-15 09:24:48'),
(2031, '016010561', 'SLAMET WIBOWO', 'Laki-Laki', '3308192302890001', 'Islam', '85726925570', 2, 13, 6, 3, '1989-02-23', 'Banyuurip I RT.3 Rw.5 Tegalrejo Magelang', '2016-02-04', 'Tetap', 'enimaa19@gmail.com', 1, '016010561.jpg', '$2y$10$GTTokPKl5X.PuS/ttJ9L8.q7rEmCrDZ64lBDCQAFuKYZTcKWLcQwu', NULL, '2017-10-11 15:56:02', '2018-08-24 08:35:15'),
(2033, '014010358', 'SRI PURWATI', 'Perempuan', '3322187005760001', 'Islam', '81575626660', 2, 13, 26, 3, '1976-05-30', 'Lewono RT 001 RW 005, Beji, Ungaran Timur, Semarang', '2014-01-13', 'Tetap', 'agathastefany25@gmail.com', 1, '014010358.jpg', '$2y$10$o82qeBYn/AfXxJaleLgbpO8i9sAHvdQ21Shf9d3GtmZYBaSRpv/fq', NULL, '2017-10-11 15:56:03', '2017-10-11 15:56:03'),
(2034, '011050148', 'STIFANNY ANDARISKI A P', 'Perempuan', '3322116504910002', 'Islam', '87831170340', 2, 13, 3, 3, '1991-04-25', 'Lingkungan Kerban RT 003 RW 001, Harjosari, Bawen', '2011-05-03', 'Tetap', 'tewhe_anggraeni@rocketmail.com', 1, '011050148.jpg', '$2y$10$ndQToihyWtgR6gWrat.uHOAXXXSfMSYjZCr9y8nmjvUgRMgOUqG4S', NULL, '2017-10-11 15:56:03', '2017-10-11 15:56:03'),
(2035, '014040401', 'TRI WAHYU ANGGRAENI', 'Perempuan', '3322186703910002', 'Islam', '85712008600', 2, 13, 24, 3, '1991-03-27', 'Blanten RT 004 RW 008, Nyatnyono,Ungaran Barat', '2014-04-28', 'Tetap', 'anktshukaela@gmail.com', 1, '014040401.jpg', '$2y$10$690wzS2uIQqg2LYPxmHCv.VUFBIkHSgHAxII5W7mdz9J7J6wQFrs6', 'wkAumqM4A3R04FjVjZa522ozlnYp6GwS61l7OdWb9l2d8yC7mvIj8gNjOwia', '2017-10-11 15:56:03', '2017-10-11 15:56:03'),
(2037, '015110534', 'ANGGORO EKO SUSANTO', 'Laki-Laki', '3318101912890001', 'Islam', '85717919144', 2, 13, 25, 4, '1989-12-19', 'DS. Randu Kuning Rt 01 RW 03 Pati Lor Pati', '2015-11-02', 'Tetap', 'arik_pati@yahoo.co.id', 1, '015110534.jpg', '$2y$10$nPZERr37VaCr.PeBrf5aH.Bz7B1qLMGR/4AECRKWJ6mzNpgyj5AVO', 'SrKQ0oRLf5hgh673tVWGgWSOXFqOVrCxxxOa8ykri0FcQuA4qJj1pilcWM0G', '2017-10-11 15:56:03', '2017-11-22 08:51:23'),
(2038, '012040221', 'ARIYANTO', 'Laki-Laki', '3318101006750012', 'Islam', '8122833736', 2, 13, 7, 4, '1975-06-10', 'Kel.Parenggan RT 003 RW 002 Parenggan, Pati', '2012-04-09', 'Tetap', 'asriah268@gmail.com', 1, '012040221.jpg', '$2y$10$7RrCg.QewKUniYl1x.Eoxuat/WAzrAT8IOP8UZVfwrt0A/wKi8Mtq', NULL, '2017-10-11 15:56:03', '2017-10-11 15:56:03'),
(2039, '015010461', 'ASRI\'AH', 'Perempuan', '3318156606880004', 'Islam', '85702109373', 2, 13, 2, 4, '1988-06-26', 'Ds. Koroyo RT 002 RW 001, Panggungrayom, Wedari Jaksa, Pati', '2015-01-05', 'Tetap', NULL, 1, '015010461.jpg', '$2y$10$/qL6jOWsdeGig3mgbn/fie45BK93jcRuSy.k1nk8KHWyXFUPpSLT.', NULL, '2017-10-11 15:56:03', '2017-10-11 15:56:03'),
(2040, '013090319', 'ENDI PURBASANA ARDANA PUTRA', 'Laki-Laki', '3324030107870002', 'Islam', '85641125728', 2, 18, 1, 4, '1987-07-01', 'Kp.Kauman RT 003 RW 001, Pati Kidul, Pati', '2013-09-23', 'Tetap', NULL, 1, '013090319.jpg', '$2y$10$.76IkWpjjjkdyl80M.DPaeMuEJ9dLMYVfbdId.sA69wnGqxqeOqkm', 'TVv27cQMOLBxOPegxHjKZAQ6DCdu3ki1eRUb41W2Nppq8IYu9supROk37oP2', '2017-10-11 15:56:03', '2018-07-23 03:09:35'),
(2041, '016010575', 'FITRI MUSRIAH', 'Perempuan', '3318105706860003', 'Islam', '85740525556', 2, 13, 26, 4, '1986-06-17', 'DS. SIDOKERTO RT 01/RW 02, KECAMATAN PATI, KABUPATEN PATI', '2016-10-12', 'Tetap', 'fitrimusriah7@gmail.com', 1, '016010575.jpg', '$2y$10$H4WMUYDn9Spu5Hww93.p1OFFdnyPfVoavnWuUL1aaHkhEbgPDdbPi', NULL, '2017-10-11 15:56:04', '2017-12-15 09:33:09'),
(2042, '011020124', 'HEXA BAGOES KOERNIAWAN', 'Laki-Laki', '3318102006790009', 'Islam', '81226458806', 2, 20, 25, 4, '1979-06-20', 'Perum Permata Mulyoharjo RT 020 RW 002, Mulyoharjo, Pati', '2011-02-28', 'Tetap', 'hexa_bgs@yahoo.com', 1, '011020124.jpg', '$2y$10$uuMYyzQ11Ac.PvxZMEmck.jPII5sex5pd38btRvlk2wIxoCLg8v9G', NULL, '2017-10-11 15:56:04', '2017-12-15 09:37:49'),
(2043, '013110341', 'IKA MUSLIANI', 'Perempuan', '3302164904880002', 'Islam', '85640138500', 2, 13, 30, 4, '1988-09-09', 'Nganguk Wali RT 001/RW 003 Kecamatan Kota Kabupaten Kudus', '2013-12-02', 'Tetap', 'ikamusliani@gmail.com', 1, '013110341.jpg', '$2y$10$ZP13dtbWAmBSCpNWs2HVv.6u/YbCMv2M5dx0ZmQosWCSqjPVZbAAm', '2oi4Rr0ib2SY9MQdUaRpj7WQX2A5991aYWftgTvFku6IWAG4DJwyHkFTQFTu', '2017-10-11 15:56:04', '2018-08-24 08:03:54'),
(2045, '017090622', 'KUKUH PRASTANTI', 'Perempuan', '3318145901940002', 'Islam', '85727454589', 2, 13, 24, 4, '1994-01-19', 'GUWO RT 001/ RW 002 DESA GUWO, KEC. TLOGOWUNGU KAB. PATI', '2017-09-25', 'Kontrak', NULL, 1, '017090622.jpg', '$2y$10$zEJgb24SbbpSq0YaF.eaoepbTh4Kh0j490Exrg7tZ8ChktGe5jzp.', NULL, '2017-10-11 15:56:04', '2018-08-24 08:04:46'),
(2046, '017070607', 'MUMPARIDAH', 'Perempuan', '3318156407860002', 'Islam', '85201896807', 2, 13, 32, 4, '2017-07-24', 'DESA NGURENREJO RT 004/ RW 002, KEC. WEDARIJAKSA, KAB. PATI', '2017-07-31', 'Tetap', 'ridaunyil@gmail.com', 1, '017070607.jpg', '$2y$10$Cxaw5GjVTAtoTeW8qomHPO10mDBTEsRuxhz3dxdsevAIMxF1WIutO', NULL, '2017-10-11 15:56:04', '2018-08-24 08:45:19'),
(2047, '016040582', 'NURHANA PANUNGGUL', 'Laki-Laki', '3318121409840007', 'Islam', '8122557762', 2, 20, 32, 4, '1984-09-14', 'Ds. Margorejo Rt.1 Rw.5 Margorejo', '2016-04-01', 'Tetap', 'panunggul37@gmail.com', 1, '016040582.jpg', '$2y$10$PHAhdWWrv6NjoDR0ILPq1uolPt8fzzz.ExocHUDLZ.r9.9Q9/eGC6', NULL, '2017-10-11 15:56:04', '2018-08-24 08:16:14'),
(2048, '06010035', 'NUR KINAYAH', 'Perempuan', '3318135812830003', 'Islam', '81326625095', 2, 22, 23, 4, '1983-12-18', 'Dk. Dayan RT 003 RW 006 Semirejo, Gembong, Pati', '2010-06-08', 'Tetap', 'iin.noor@yahoo.com', 1, '06010035.jpg', '$2y$10$WXo1ar/fVlU3nV4zMp0g0ey133jjqh/wjWqrj88/WbNM6y.Ud454e', 'LKWWMzQyenMi6xWxJHp61vZzHQowIzTHlHztLpHwLfisF2evpQCi2Y4oLrIO', '2017-10-11 15:56:04', '2018-07-23 03:11:51'),
(2050, '012070245', 'PURNOMO', 'Laki-Laki', '3374030310840005', 'Katholik', '81216737980', 2, 22, 23, 2, '1984-10-03', 'Jl. Watulawang VI /62 RT 011 RW 008 Gajahmungkur, Semarang', '2012-06-26', 'Tetap', 'purnomopurpung@gmail.com', 1, '012070245.jpg', '$2y$10$VGQjslMQVCg/T7tED8VQ2OW.BAJyEkfxUYgMlYTxppJHdQWZf6oG.', 'GTy671pSSo67uL8qStrVM0Sa1ovIIjBLMCIfxouY9zNWCUkRCqoRWp9DZa5w', '2017-10-11 15:56:05', '2018-08-24 07:44:16'),
(2051, '017080610', 'SUPRIYANTO', 'Laki-Laki', '3318102112660004', 'Kristen', '85641414223', 2, 13, 43, 4, '1966-12-21', 'DESA PURI RT 002/ RW 006, DESA PURI, KEC. PATI', '2017-08-01', 'Kontrak', 'supriyantomaa@gmail.com', 1, '017080610.jpg', '$2y$10$I9cigkdFuT5cwJgvpEMpy..SN9HOWIN2pQzzcDJcbyEBU1au5m3Yy', NULL, '2017-10-11 15:56:05', '2017-10-11 15:56:05'),
(2053, '014040395', 'YOHAN DULIMARTA', 'Laki-Laki', '3273132107790002', 'Kristen', '81573168168', 2, 26, 9, 4, '1979-07-21', 'Jl. Srimanis No. 7A RT 008 RW 001, Cigereleng, Regol, Bandung', '2014-04-10', 'Tetap', 'yohandulimarta@gmail.com', 1, '014040395.jpg', '$2y$10$KA8xl3KbCkEvtP4oilY8quzxsjcBJjHda65Wkt6hlOeuc0nKRzyKi', NULL, '2017-10-11 15:56:05', '2017-10-11 15:56:05'),
(2054, '017060601', 'YULI NURHADI', 'Laki-Laki', '3318101407860001', 'Islam', '856411900', 2, 13, 27, 4, '1986-07-14', 'DK KARANGDOWO RT 04, RW 01, KEL. KUTOHARJOKEC. PATI KAB. PATI', '2017-06-06', 'Tetap', 'azahra990@gmail.com', 1, '017060601.jpg', '$2y$10$9MRx9/VQztjpJ2Mrfr1akuyBLaOQdU2TdAU4g9ajOO261jg26E/Oy', NULL, '2017-10-11 15:56:05', '2018-08-24 08:39:49'),
(2055, '012030203', 'AGUNG WIMARWAN', 'Laki-Laki', '3374021603800004', 'Islam', '82138002130', 2, 20, 25, 5, '1980-03-16', 'Griya Mijen Permai Blok N No. 4 RT 010 RW 007 , Mijen, Semarang', '2012-03-01', 'Tetap', 'agvisala54@yahoo.com', 1, '012030203.jpg', '$2y$10$KW3RNxg86L/lWyn1ChyFQe7LV85WxZfdh37GfqMeYpMkhhe6.Olfm', NULL, '2017-10-11 15:56:05', '2018-07-23 02:58:16'),
(2056, '017090624', 'AGNES VERENA APRILIA', 'Perempuan', '3318106004950005', 'Katholik', '85641169393', 2, 13, 1, 4, '1995-04-20', 'JL. SRIKAYA 2 NO. 1 PERUMNAS WINONG PATI RT 08/ RW 04 DESA WINONG, KC. PATI, KAB. PATI', '2017-10-02', 'Kontrak', 'agnesverenaaprilia@gmail.com', 1, '017090624.jpg', '$2y$10$VaZSpeYlmGfi2p.0.4RKq.iTDP1Fl2HlTNeraPUzrxG8WuqPS9RvC', NULL, '2017-10-11 15:56:05', '2018-07-23 02:57:13'),
(2057, '011050146', 'AMBAR LARASATI', 'Perempuan', '3374135906830002', 'Islam', '85641197636', 2, 13, 10, 5, '1983-06-19', 'Puspogiwang Dalam I/9 RT 004 RW 003, Gisikdrono, Semarang', '2011-05-02', 'Tetap', 'larasaticheska@yahoo.com', 1, '011050146.jpg', '$2y$10$d.kUElSsVdI4N4rbbeSddedIkqdClVh9wijNNbLHX0qgMJR5nJDO2', NULL, '2017-10-11 15:56:05', '2018-08-24 08:00:22'),
(2058, '014110447', 'ANDI RIVKY PRAYUDHA', 'Laki-Laki', '3374130204870001', 'Islam', '82135354963', 2, 13, 25, 5, '1987-04-02', 'Jl. Wologito I/104 RT 006 RW 001, Kembangarum, Semarang Barat', '2014-11-17', 'Tetap', 'andi_batam05@yahoo.co.id', 1, '014110447.jpg', '$2y$10$ZGRigE07nvR4XAphtvmcvu2SSd8BPc1kqCiOpwtegyJ.6vDpeKkuq', NULL, '2017-10-11 15:56:06', '2017-10-11 15:56:06'),
(2060, '015120547', 'BINTORO', 'Laki-Laki', '3374020512810003', 'Islam', '83843793409', 2, 13, 7, 8, '1981-12-05', 'Jl.Delta Mas V/73 Rt.5 Rw.4 Kuningan Semarang Utara', '2015-12-07', 'Tetap', 'usamah_bintoro@yahoo.com', 1, '015120547.jpg', '$2y$10$sdGfsLAxaLuScuTRxoypwe.ClPGsgOf6dx4qDJX2XELO.yT.u8CzO', 'weXMa4XkE7YCDm5Jq01ktVXEJuDBMV3k5usDiasUswCWqkjPk2vwSFPfC8pi', '2017-10-11 15:56:06', '2017-12-15 09:54:00'),
(2062, '016030572', 'EKO BUDI PRASETYO', 'Laki-Laki', '3374070605790002', 'Islam', '85641127136', 2, 13, 27, 5, '1979-05-06', 'Jl.Kedondong Dlm 3/IB Rt.03 Rw.04 Lamper Tengah Semarang', '2016-03-04', 'Tetap', 'ekobudtyo42@gmail.com', 1, '016030572.jpg', '$2y$10$p9NKqxaq9r6ZeP7sn9c7B.cqPCS7zIwDifx.8LGVeONrimcQ/zyzW', NULL, '2017-10-11 15:56:06', '2017-10-11 15:56:06'),
(2063, '011020114', 'FENDI SUNARTO', 'Laki-Laki', '3374030102860005', 'Kristen', '8155711557', 2, 26, 9, 5, '1986-02-01', 'Jl. Dr. Cipto no. 70 RT 001 RW 001, Rejosari, Semarang Timur', '2011-02-02', 'Tetap', 'fendisunarto@gmail.com', 1, '011020114.jpg', '$2y$10$MXOaq/TCeJQJ5bt5Y59KVOv9cLtFMAsq.bSzTAEYinGHE9QB4eaCu', NULL, '2017-10-11 15:56:06', '2017-10-11 15:56:06'),
(2064, '017050594', 'HAGI HUTOMO MUKTI', 'Laki-Laki', '3374150801950002', 'Islam', '81548928929', 2, 13, 30, 1, '1995-01-08', 'JL. TAMAN BUNGA RAYA BLOK A4/12A BSB RT 006/ RW 006, KEL. KEDUNGPANI, KEC. MIJEN, KAB. SEMARANG', '2017-05-02', 'Tetap', 'hagihutomo@gmail.com', 1, '017050594.jpg', '$2y$10$.ADALOa2NMC57LFG83pmG.6lQXR3Hs9r4TLh8V0EVl3iOZiEWM3TW', 'SDlhzugjIWZPgvKB7fb8OvnHvyBa6DRQJIjSv9U5GQ0klompMlXBz8gi79dL', '2017-10-11 15:56:06', '2018-08-24 09:15:56'),
(2065, '015060504', 'HANTIAN GIWANGKARA', 'Laki-Laki', '33741329098900006', 'Islam', '81329599907', 2, 13, 25, 5, '1989-09-29', 'Jl.Borobudur Barat IV Rt.14 Rw.05', '2015-06-29', 'Tetap', 'hantian_giwangkara@yahoo.co.id', 1, '015060504.jpg', '$2y$10$scKMBl3C2cebWtCsLxjZkelc5QMTVWvMpippLWRiJKAJzT.scNj7a', NULL, '2017-10-11 15:56:06', '2017-12-15 09:51:22'),
(2066, '016010559', 'RIRIS NING PAMBUDI U', 'Perempuan', '3374135609930003', 'Islam', '85641489599', 2, 13, 24, 5, '1993-09-16', 'Pringgodani Dalam I/9 RT.4 Rw.11 Krobokan Semarang Barat', '2016-02-04', 'Tetap', 'ririsnpu@yahoo.co.id', 1, '016010559.jpg', '$2y$10$C75qtwOT6zYQVKki2Ndwd.7cyPAHPFKMruqNNywCUjqmEnCwkiRY6', NULL, '2017-10-11 15:56:07', '2018-01-08 05:41:32'),
(2067, '012020197', 'SARI SETIANINGRUM', 'Perempuan', '3322184809850002', 'Kristen', '817452263', 2, 22, 23, 5, '1985-09-08', 'Jl. Arjuna 3/19 RT 005 RW 010 Lerep, Ungaran Barat, Semarang', '2012-02-13', 'Tetap', 'sarisetianingrum88@gmail.com', 1, '012020197.jpg', '$2y$10$/45vj72uqNIML9AHGg9hIeDWhzs01.to7RGXNARkaw1YwOJXiZ6cW', 'PmFImK4fG1G5QuV51TvDhepr3CXE9tZfkmXbMVYIgQSyeUhUuCurxcgUEOvc', '2017-10-11 15:56:07', '2017-10-11 15:56:07'),
(2069, '01012077', 'TITIN PUSPA NINGRUM', 'Perempuan', '3374075911830001', 'Islam', '82322676478', 2, 13, 6, 5, '1980-11-19', 'Perum Pratama Green Residence F.18 RT 004 RW 005m Kedungpani, Mijen, Semarang', '2010-12-13', 'Tetap', 'titinblimbing@gmail.com', 1, '01012077.jpg', '$2y$10$mMXLy.Zc6eHzZjeX7GrkTOi9bwAQLyY2dmMq5Zkx./UYs.Nhc6PCO', NULL, '2017-10-11 15:56:07', '2017-10-11 15:56:07'),
(2070, '015010459', 'WIDI WIBOWO', 'Laki-Laki', '3374100504790005', 'Islam', '85712431748', 2, 13, 27, 5, '1979-04-05', 'Perum Dinar Asri Blok L-III no. 4 RT 004 RW 025, Meteseh, Tembalang, Semarang', '2015-01-05', 'Tetap', 'widi.bnn05@gmail.com', 1, '015010459.jpg', '$2y$10$85NLmGF2V4rq64jpPQyaaucTFmcl6/vzguGP5jHThvxzdW/iVV3OC', NULL, '2017-10-11 15:56:07', '2017-10-11 15:56:07'),
(2071, '015050497', 'AGUNG RIYADI', 'Laki-Laki', '3309051606859004', 'Islam', '85743837861', 2, 13, 25, 6, '1985-06-16', 'Jl. Merbabu No.33B Rt.3 Rw.3 Boyolali', '2015-05-05', 'Tetap', 'agungriyadi905@gmail.com', 1, '015050497.jpg', '$2y$10$SLmKMOk5phos.ySq7oC6Ue/5/zz/6TF/VjVIZGMQNOHohd08KIR/y', NULL, '2017-10-11 15:56:07', '2017-10-11 15:56:07'),
(2072, '00608065', 'AGUS BUDIYONO', 'Laki-Laki', '3313112405730003', 'Islam', '82322702098', 2, 22, 23, 6, '1973-05-24', 'Jl. Anthurium no. 9, Perum Permata Tembalang RT 004 RW 005, Kramas, Tembalang, Semarang', '2009-10-12', 'Tetap', 'gusbudhi18@gmail.com', 1, '00608065.jpg', '$2y$10$5/qQJtyqU9fyK46YHuo3W.BM5wbF4WdezQKjq9ecWD6wfaTh8abAq', NULL, '2017-10-11 15:56:07', '2017-10-11 15:56:07'),
(2075, '016030573', 'EKO NUGROHO P', 'Laki-Laki', '3372040506820007', 'Kristen', '85725111099', 2, 13, 27, 6, '1982-06-05', 'Wonowoso Rt.5 Rw.12 Ds Mojosongo Jebres', '2016-03-04', 'Tetap', 'eko_nugr0h0@yahoo.com', 1, '016030573.jpg', '$2y$10$vBOmpQ2gfIul4BWKuHhWw.kCXy0hyf/HO/yEZfukNDxvCYJzr9wQW', NULL, '2017-10-11 15:56:08', '2017-10-11 15:56:08'),
(2077, '015030486', 'LILIK TRI HARJOKO', 'Laki-Laki', '3309060206779002', 'Islam', '8564064777', 2, 13, 32, 6, '1977-06-02', 'Jomboran RT 003 RW 10, Kemiri, Mojosongo, Boyolali 57321', '2015-03-24', 'Tetap', 'lilik_maa@yahoo.com', 1, '015030486.jpg', '$2y$10$b6uHKcfKwAh1/1SZ4Mhs4.wjBirH1j4nWm8fZeVjdhKCPUSD1Cq8W', NULL, '2017-10-11 15:56:08', '2018-08-24 08:54:36'),
(2078, '017080611', 'MUHAMMAD ARIF WIDASMORO', 'Laki-Laki', '3321040703940004', 'Islam', '81575254785', 2, 13, 13, 7, '1994-03-07', 'JOGO III RT 004/ RW 002, DESA GEMULAK, KEC. SAYUNG, KAB. DEMAK', '2017-08-08', 'Kontrak', NULL, 1, '017080611.jpg', '$2y$10$HVV.V5a6cdI1SXQPkt8RfOwNKQ4NIEKpPxyAABY6twDMD0aPb82gS', NULL, '2017-10-11 15:56:08', '2018-01-08 05:39:56'),
(2079, '01107048', 'MONALISA', 'Perempuan', '3374095204700005', 'Islam', '81326680888', 2, 20, 26, 6, '1970-04-12', 'Jl. Sampangan Baru A-14B RT 003 RW 002, Bendan Ngisor, Gajah Mungkur, Semarang', '2007-11-28', 'Tetap', 'monalisa120470@gmail.com', 1, '01107048.jpg', '$2y$10$rJnj69p1Z9B/dQshXrjDyOOgNAmrStr9QIqG4fQbMl.Qi26WOOPGG', NULL, '2017-10-11 15:56:08', '2017-12-15 09:58:52'),
(2080, '05010030', 'NANANG EKO P', 'Laki-Laki', '3374102803830005', 'Islam', '81575580622', 2, 24, 45, 8, '1983-03-28', 'Jl. Sawi IB no. 7 RT 001 RW 005, Sendangguwo, Tembalang, Semarang', '2010-05-26', 'Tetap', 'nanangeko001@gmail.com', 1, '05010030.jpg', '$2y$10$FmVfJz20g8mLBbMK0hh97unpY9B0FneyXOYQ8eWoV1EQroQkJeeHa', NULL, '2017-10-11 15:56:08', '2018-03-22 03:55:05'),
(2081, '016011580', 'NANI SETYOWATI PUTRI', 'Perempuan', '3309046812950003', 'Islam', '81567665337', 2, 13, 2, 6, '1995-12-28', 'DK. CLUNTANG RT 012/ RW 003, DESA CLUNTANG, KEC MUSUK, KAB. BOYOLALI', '2016-11-02', 'Tetap', 'naniputri4@gmail.com', 1, '016011580.jpg', '$2y$10$PcNiUB8JkYIcp.LyLdNUd.RQNmcHdtqIXuTFulNWJxLxGM9.MO422', NULL, '2017-10-11 15:56:08', '2017-11-30 04:07:40'),
(2082, '012070240', 'PUTRI HANDAYANI', 'Perempuan', '3309094203870001', 'Islam', '85725282795', 2, 13, 1, 6, '1987-03-02', 'Catur RT 01 Rw 01, Catur Sambi, Kab. Boyolali', '2012-07-02', 'Tetap', 'pehamaa@gmail.com', 1, '012070240.jpg', '$2y$10$i6v0URnVYTh9yrARjD/93ulPUTmYoLxlPFgjZt815..kSuxBcFpIy', 'bE5IubC9yGlAVqEA4laihYYSxsGjlDeFzWYEbdjVH5bsbC8URoJQEuJNEXbW', '2017-10-11 15:56:08', '2017-12-15 10:04:16'),
(2083, '016050591', 'RIFKI AULIA FAHRIZAL', 'Laki-Laki', '3322052411910001', 'Islam', '8988362845', 2, 13, 6, 6, '1991-11-24', 'Dsn Takankidul Rt.2 Rw.5 Pabelan Semarang', '2016-05-25', 'Tetap', 'rifkiauliafahrizal@gmail.com', 1, '016050591.jpg', '$2y$10$JHjezIkkC6Olz6.m9ef2uOtSeZtKod2VB2IWvDLNNIhX0wpnkF9AK', NULL, '2017-10-11 15:56:09', '2017-12-15 10:01:42'),
(2084, '014010359', 'SIGIT WIDIATMOKO', 'Laki-Laki', '3309060310799003', 'Islam', '85326627594', 2, 13, 7, 6, '1979-10-03', 'Karang Duren RT 03 RW 01, Metuk, Mojosongo, Boyolali', '2014-01-13', 'Tetap', 'sigitwidiatmoko@gmail.com', 1, '014010359.jpg', '$2y$10$h5P2QsCQftzw4eE9yMXqZubvpmp3JumibPgQAn1qEDlh9WI131OXG', NULL, '2017-10-11 15:56:09', '2018-08-24 08:53:32'),
(2085, '015010474', 'TEGAR SUKMA TIMUR', 'Laki-Laki', '3306162402900001', 'Islam', '85729497228', 2, 13, 13, 6, '1990-02-24', 'Kaliboto Kulon RT003/004 Kec. Bener, Purworejo', '2015-01-29', 'Tetap', 'tegarcahpordjo@gmail.com', 1, '015010474.jpg', '$2y$10$4EH3OK5GkqwsmACnjS3SnukLuVhT37Wf5qMeKhhpEl/zRLABw/LpW', NULL, '2017-10-11 15:56:09', '2017-10-11 15:56:09');
INSERT INTO `users_backups` (`id`, `nip`, `name`, `kelamin`, `no_ktp`, `agama`, `no_hp`, `role`, `id_jabatan`, `id_bagian`, `id_pics`, `tgl_lahir`, `alamat`, `tgl_masuk`, `status_karyawan`, `email`, `status_user`, `avatar`, `password`, `remember_token`, `created_at`, `updated_at`) VALUES
(2086, '00000001', 'AGUS RAHARJO', 'Laki-Laki', '3374100208800004', 'Islam', '81326159561', 2, 13, 27, 7, '1980-08-02', 'Jl. Kinibalu Timur RT 004 RW 003, Tandang, Tembalang, Semarang', '2014-04-02', 'Tetap', 'aguskicik80@gmail.com', 1, '00000001.jpg', '$2y$10$dy1pTOCpVpiRdNU.c6oqc.fiwAoORYgT1/te6g1N2y0/CqF1WyuaG', NULL, '2017-10-11 15:56:09', '2017-12-15 10:18:47'),
(2089, '01101090', 'ANISA CANDRA DEWI', 'Perempuan', '3374134802890005', 'Islam', '85640186753', 2, 13, 2, 7, '1989-02-08', 'Karangroto Blok A RT 005 RW 004, Karangroto, Genuk, Semarang', '2011-01-03', 'Tetap', NULL, 1, '01101090.jpg', '$2y$10$.pMj/w9wmhqMXfLewJTjqOzM79/D5KnXMdJf3HkQ4mNo0kEOvMnGa', 'ruRXOSaYaMbMS8IpVVTlhVirSV9iITHmz5quBPkFymgBIaKCAkFhp3u4g8jH', '2017-10-11 15:56:09', '2017-10-11 15:56:09'),
(2090, '015080512', 'BUDI SUSILO', 'Laki-Laki', '3374131607820006', 'Islam', '85876530683', 2, 13, 43, 8, '1982-07-16', 'KP Sendang Indah Rt.01 Rw.03 Muktiharjo Lor Genuk', '2015-08-31', 'Tetap', 'budisusilo16071982@yahoo.com', 1, '015080512.jpg', '$2y$10$tTNw0EIUh/Jody3aQzMRWunESQkH1JEF/XJa3d/LtKwnAkJ3n9qzm', NULL, '2017-10-11 15:56:09', '2017-12-15 10:09:20'),
(2092, '017060603', 'MOHAMAD ROHKIM', 'Laki-Laki', '3374110910810002', 'Islam', '81327950700', 2, 13, 7, 8, '1981-10-09', 'JL. GONDANG TIMUR V RT 003/ RW 002, KEL. KRAMAS, KEC. TEMBALANG, SEMARANG', '2017-06-10', 'Kontrak', 'rokhim.mohammad1981@gmail.com', 1, '017060603.jpg', '$2y$10$5nSiDWHP5kp5EzcEm6jQ5eBwQWi7G8tBLFA.nSyJBYm/t7xFZpFI.', 'xNH2uVH0X1p8mUgliS0mv2w750GemB1GQMT0Qa8oNE8DjM9ANfAEL4c5tSbZ', '2017-10-11 15:56:10', '2017-12-15 10:28:32'),
(2093, '017050595', 'MUCHAMAD YOPHI ANDRIANO', 'Laki-Laki', '3374061706940003', 'Islam', '85713178476', 2, 13, 24, 7, '1994-06-17', 'PENGGARON KIDUL, RT 002/ RW 005, KEL PENGGARON KIDUL KEC. PEDURUNGAN KAB. SEMARANG', '2017-05-03', 'Tetap', NULL, 1, '017050595.jpg', '$2y$10$hAOfWacr2X01PxNID2e4FOQPIYSsTaaD4cwvVnvloHKbkFh/k0Xre', NULL, '2017-10-11 15:56:10', '2018-08-24 09:01:17'),
(2095, '01105016', 'NUR SUCI ANGGRAINI', 'Perempuan', '337411440879001', 'Islam', '8112539997', 2, 20, 30, 1, '1979-08-04', 'Jl Singa Utara 8 No. 30 RT 006 RW 004, Kalicari, Pedurungan, Semarang', '2005-02-11', 'Tetap', 'nny.amare@gmail.com', 1, '01105016.jpg', '$2y$10$VPDdzQfAxmkH68SNo8cww.rilvwAiYASSIweJuhfRPbkcM4kucWjG', NULL, '2017-10-11 15:56:10', '2018-08-24 07:42:29'),
(2097, '00608070', 'A ERLIAWAN SETYO N', 'Laki-Laki', '3374062407760004', 'Katholik', '8156686112', 2, 13, 32, 1, '1976-07-24', 'Jl. Imam Faruqi no. 48 Banjardowo Baru RT 005 RW 007, Karangroto, Genuk, Semarang', '2008-06-16', 'Tetap', 'erliyawan.nugroho@gmail.com', 1, '00608070.jpg', '$2y$10$KyzrmBB2Gq7lTs5paD3FlOFxJw9TgroqcSIys2.Zj/yJURegYNDfq', NULL, '2017-10-11 15:56:10', '2018-07-23 02:51:37'),
(2098, '01040490', 'ADY JUNIARTO', 'Laki-Laki', '337406190679004', 'Islam', '81326264801', 2, 13, 34, 8, '1979-06-19', 'Jl.Menjangan Dalam V No.09 Palebon Semarang', '2015-04-27', 'Tetap', NULL, 1, '01040490.jpg', '$2y$10$./gDF9QfRnQC84lEszmUSuTcE2PUOlGVVJoQDaXzt3KI8mIIPqtr.', 'LJUcA25m0oOSsthkUQ0auYOxtVSH3Pc49rIoVmXaIyprOc30RQrs2MCtPSKR', '2017-10-11 15:56:10', '2017-11-01 10:59:23'),
(2099, '00209030', 'ADHY SUHARYANTO', 'Laki-Laki', '3301052309830002', 'Islam', '87832861226', 2, 12, 43, 2, '1983-09-23', 'Dusun Banjar Utama RT 002 RW 002, Banjareja, Nusawungu, Cilacap', '2009-02-26', 'Kontrak', 'adhy.suharyanto@gmail.com', 1, '00209030.jpg', '$2y$10$TppjqqULO/xIA5J1c.WABO5iWvm7Kz/wBo0DBNLdmqECyhP2UJzsW', NULL, '2017-10-11 15:56:10', '2018-02-01 06:15:06'),
(2100, '00409004', 'AGUNG DWI PRASETYO', 'Laki-Laki', '3374022805830003', 'Islam', '85742934900', 2, 13, 2, 5, '1983-05-28', 'Jl. Taman Sekar Jagad no. 19 RT 001 RW 028, Tlogosari Kulon, Pedurungan, Semarang', '2009-04-06', 'Tetap', 'p.agung26@yahoo.com', 1, '00409004.jpg', '$2y$10$gd9Zfg8SyBKOrXEwfIeDmO1JU3WGOvzrN9pKnB5FOBDfvH6LOE.oq', 'USCkdjmQZieD69mtuZXP2qDbwdawpOj7qpWiRaGsTDUWXwQoZSkdINLWuW4W', '2017-10-11 15:56:11', '2018-08-24 08:01:27'),
(2102, '00107004', 'AGUS PRIYANTO', 'Laki-Laki', '3329090108830003', 'Islam', '85227773885', 2, 20, 34, 8, '1983-08-01', 'Pemaron RT 003 RW 001, Pemaron, Brebes', '2008-10-06', 'Tetap', NULL, 1, '00107004.jpg', '$2y$10$mLpVUGSYcilf8QBy/2YhOO5hmubignO1Cp1PtMCimAwg76VmcdrNG', 'LBX1kE1tI9BhxlGS5KnpXy21z9egZL6WMKDy7LiymAZft2XuoHRGTVE3wBKC', '2017-10-11 15:56:11', '2017-10-11 15:56:11'),
(2103, '012050330', 'ANDEWI BERTHA', 'Perempuan', '3374026208670001', 'Katholik', '82138280614', 2, 24, 46, 8, '1967-08-22', 'Jl. Sampangan Baru A.3A RT 003 RW 002 , Bendan Ngisor, Gajahmungkur, Semarang', '2012-05-28', 'Tetap', 'andewi.bertha@gmail.com', 1, '012050330.jpg', '$2y$10$hfNmt4OqYHra3NVw4xzt8eRY.v1hjF2nd.v8IWfjBpC3L7BZPLVvK', 'CIG7YaqZJLKvu39pyLndZy4MmPSHid42mM3xWxo40EetRWgy3kraPFcpLK9N', '2017-10-11 15:56:11', '2018-01-08 05:28:27'),
(2104, '014030385', 'ANDHI NUGROHO', 'Laki-Laki', '3322133004910001', 'Islam', '81225195990', 2, 13, 29, 8, '1991-04-30', 'Lingkungan Ngempon RT 005 RW 003, Ngempon, Bergas, Semarang', '2014-03-19', 'Tetap', 'andikswing@gmail.com', 1, '014030385.jpg', '$2y$10$BJVaHnTMhM95R.Nnu3lbE.yKJjIrlVUbCIG78IJUaEkY68UQzOXui', NULL, '2017-10-11 15:56:11', '2017-11-07 09:46:28'),
(2105, '014120449', 'ANDHIKA AJI LESFIYANTO', 'Laki-Laki', '3315171107890003', 'Islam', '8563810425', 2, 13, 41, 8, '1989-07-11', 'Pilang Lor RT 003 RW 003, Gubug, Grobogan', '2014-12-01', 'Tetap', 'anjito69@gmail.com', 1, '014120449.jpg', '$2y$10$PNAWZuRB4JgX2XzQifzcbe7wV6VjeBuX7F7TjvCyXY5n/CTbz9NC.', NULL, '2017-10-11 15:56:11', '2018-01-02 07:41:13'),
(2106, '016070569', 'ANDREAS WIRYANTO BASUKI', 'Laki-Laki', '3373010412590002', 'Katholik', '85848513184', 2, 24, 36, 8, '1959-12-04', 'Jl.Cemara II / 81 Salatiga', '2016-07-18', 'Kontrak', 'awiryantob@gmail.com', 1, '016070569.jpg', '$2y$10$aWAREzck9VxpBq5d5/pnp.WriUJlbDH43W0631hc6cN2QMohDqu6.', 'ewscRV2kbOnmR2rEmvq1f8fyNNzuzlcaUhxgiIk3O9DmIWlQk8sqdOfs3G94', '2017-10-11 15:56:11', '2017-10-11 15:56:11'),
(2107, '015090513', 'ANGGER SURYOKUSUMO', 'Laki-Laki', '3374131112870004', 'Islam', '85640203937', 2, 13, 42, 8, '1987-12-11', 'Jl. Sawunggaling III/5 Banyumanik Semarang', '2015-09-02', 'Tetap', 'anggersuryokusumo@rocketmail.com', 1, '015090513.jpg', '$2y$10$SfAlH1/JOSyeo30JmS2ISOMCzzF/ATWMdNcUI6a5PR9bHF6mzg6Jq', NULL, '2017-10-11 15:56:11', '2017-10-11 15:56:11'),
(2108, '00108002', 'ANJARSARI MAYA K', 'Perempuan', '3374136605770003', 'Islam', '81225052777', 2, 24, 10, 8, '1977-05-26', 'Jl. Purianjasmoro D3-3 RT 001 RW 006, Tawangsari, Semarang Barat', '2008-02-01', 'Tetap', 'maiahaydar@gmail.com', 1, '00108002.jpg', '$2y$10$QCCv2IVMYhJaBZ/xPSQ5buOrjLEF5NneSSHhRvEnloVbB86mom97S', NULL, '2017-10-11 15:56:12', '2017-10-11 15:56:12'),
(2109, '00707011', 'ARYO DWI CAHYADI', 'Laki-Laki', '3374121802760003', 'Islam', '8122938557', 2, 28, 28, 8, '1976-02-18', 'Jl. Waru Timur II no. 4 RT 009 RW 001, Pedalangan, Banyumanik, Semarang', '2007-07-09', 'Tetap', 'aryodwicahyadi76@gmail.com', 1, '00707011.jpg', '$2y$10$NvYV3K7BZqbUrQRkTHlkPeKxnb6.efHqwWCx7Yt.8X0zWvU3I0rYi', 'qR95zvSu1zKak3hpUwBl6ONESQp0KzPMFyhMjdh3e9ENC4EXbtx61cj6hEGV', '2017-10-11 15:56:12', '2017-10-31 08:02:17'),
(2110, '015060503', 'ATIK PURWASIH', 'Perempuan', '3374105110860002', 'Islam', '85225600688', 2, 13, 43, 8, '1986-10-11', 'Jl. Sendang Mulyo Rt.3 Rw.8 Tembalang, Semarang', '2015-04-26', 'Tetap', 'atikpurwasih1086@gmail.com', 1, '015060503.jpg', '$2y$10$fh4b7YzcLd4NNd9.O4JWCO/fs940bHXNJvv.D9HiZAjCDF9DmRRlG', NULL, '2017-10-11 15:56:12', '2017-10-11 15:56:12'),
(2111, '01008070', 'BAMBANG SETYAWAN', 'Laki-Laki', '3309181911710001', 'Islam', '81326431727', 2, 12, 43, 1, '1971-11-09', 'Seworan RT 07 RW 84 Ketoyan, Wonosegoro, Boyolali', '2010-11-26', 'Kontrak', 'bam.setyawan71@gmail.com', 1, '01008070.jpg', '$2y$10$u9KUxWc4sWWZu6yoCsPE3.bf8wCxNGlAxyTVJhPWtuElBQi6AOO5u', NULL, '2017-10-11 15:56:12', '2017-11-10 02:40:56'),
(2113, '017070612', 'BAMBANG WIDIYANTO', 'Laki-Laki', '3374092907560002', 'Kristen', '82112972333', 2, 36, 12, 8, '1956-07-29', 'JL. LEMPONGSARI TIMUR III RT 002/ RW 006, DESA LEMPONGSARI, KEC. GAAH MUNGKUR', '2017-07-10', 'Kontrak', NULL, 1, '017070612.jpg', '$2y$10$xYFm8adSo34G2Y.SfsXhSuMDnKXhf/DOPVArdB5aiQB8V4BaVbUza', 'sZ7UxNk70XwPkSeMMS0MqSO9HexQARDnjbH52k8xy4E2QlcVZzB4VZcYUTOc', '2017-10-11 15:56:12', '2017-10-23 10:50:14'),
(2114, '013100321', 'BELLA ADNANTIOSUTO', 'Laki-Laki', '3374072606870001', 'Islam', '85741063187', 2, 13, 34, 8, '1987-06-26', 'Arimbi 2D/21 RT 006 RW 002 Pondok Indraprasta, Plombokan, Semarang Utara', '2013-10-01', 'Tetap', 'bella_adnantio@yahoo.com', 1, '013100321.jpg', '$2y$10$MzImOWlj2r5zrS1LK3Y3F.QXBSacd/bQ8LBsYOTECF3HuinDi2GXi', 'aj7RZfSsxyaO4ojaf1JorRnI8iO8LkUZsska5M6kq6hzv7m7zjTIoMEyLOKX', '2017-10-11 15:56:12', '2018-02-22 03:14:59'),
(2115, '015050495', 'BENNY AGUS SETYAWAN', 'Laki-Laki', '337411010830001', 'Islam', '81390316999', 2, 13, 28, 8, '1973-08-01', 'Jl.Karanganyar Rt.1 Rw.1 Banyumanik Semarang', '2015-05-02', 'Tetap', 'bnnagus@gmail.com', 1, '015050495.jpg', '$2y$10$l8iel3wucGnEnClUZTZd8ekPi6DhyIGANIf5/dcG1j4b0CsCguX1K', NULL, '2017-10-11 15:56:12', '2017-10-11 15:56:12'),
(2116, '07010052', 'BRUR FEBRIARDY', 'Laki-Laki', '3374032502840001', 'Islam', '8122555000', 2, 13, 38, 8, '1984-02-25', 'Jl. Krakatau II/4 RT 002 RW 001, Karangtempel, Semarang Timur', '2010-07-26', 'Tetap', 'brurfebri@gmail.com', 1, '07010052.jpg', '$2y$10$lJ1ByxtsejoyY6u2S0MJSOEradEANz8bGylqbPqraB2zFx9UIsuq6', 'EZYhRANmdOFtpZA57wzuFSHgxg8BgsdZnOi7VKiyVkW53eHQ60xJK3wnzbBn', '2017-10-11 15:56:13', '2017-10-30 08:00:16'),
(2117, '00105015', 'DARMOKO', 'Laki-Laki', '3374100408690003', 'Islam', '89657678295', 2, 13, 43, 7, '1969-08-04', 'JL. GENUK BARU RT05/06 NO.102 A TEGALSARI SEMARANG', '2005-01-24', 'Tetap', 'darmoko.ga69@gmail.com', 1, '00105015.jpg', '$2y$10$NdH4uNf.3VC1OC4A.AjjTul5l9ZGF1KkxHWArOmnh726Zj.rnmVKi', NULL, '2017-10-11 15:56:13', '2017-12-15 10:09:41'),
(2118, '00805029', 'DARWANTO', 'Laki-Laki', '3374080510740000', 'Islam', '85640499677', 2, 20, 28, 8, '1974-10-05', 'Jomblang Barat IV no. 654, Candi, Candisari, Semarang', '2005-08-25', 'Tetap', 'wawandarwanto10@gmail.com', 1, '00805029.jpg', '$2y$10$g1/vDCi9OxsYwwT3yqbJqetGs9gkSUoT4kQW8yBCURbYQaaEhOTOu', NULL, '2017-10-11 15:56:13', '2017-10-11 15:56:13'),
(2119, '015030483', 'DESIANA KURNIAWATI', 'Perempuan', '3305124912900003', 'Islam', '81225073390', 2, 20, 36, 8, '1990-12-09', 'Lingkungan Ngempon RT001/004 Desa Ngempon, ec. Bergas', '2015-03-12', 'Tetap', 'hrdmaa.desi@gmail.com', 1, '015030483.jpg', '$2y$10$uXdAdIrrw4OB74ET3zZLh.NwPhw8m.EaQ.ND0mjlMVitNPIucwjlO', NULL, '2017-10-11 15:56:13', '2017-11-24 09:43:30'),
(2120, '011010102', 'DEVI HANNI LIBRIANTI', 'Perempuan', '3374154510840001', 'Islam', '81390342352', 2, 24, 43, 8, '1984-10-05', 'Jl. Candi Kencana VI D2 RT 004 RW 008, Kalipancur, Ngaliyan, Semarang', '2011-01-17', 'Tetap', 'devi.iqbaal@gmail.com', 1, '011010102.jpg', '$2y$10$kqOnC2tmHnjawymfWhRyPepVfQ0BLZAT4cPoDowqkxnaEui/Bo0E6', NULL, '2017-10-11 15:56:13', '2017-10-11 15:56:13'),
(2121, '01209011', 'DHANANG RESPATI D', 'Laki-Laki', '3374011401880001', 'Islam', '85641814992', 2, 13, 41, 8, '1988-01-14', 'Kp. Grobogan no. 48 RT 003 RW 003,Pandansari Semarang Tengah', '2009-12-15', 'Tetap', 'respaty88@gmail.com', 1, '01209011.jpg', '$2y$10$ppiWgJK5OlF5V6d0vooGY.lgs4gvGyZtvjIl5tRQ9gJj9z2ZqcQJO', NULL, '2017-10-11 15:56:13', '2018-03-15 09:29:17'),
(2122, '013090314', 'DHARU ADHI NUGROHO', 'Laki-Laki', '3311110505840006', 'Islam', '85728857505', 2, 13, 34, 8, '1984-05-05', 'Dewo RT 001 RW 004, Tempel, Gatak, Sukoharjo', '2013-09-09', 'Tetap', NULL, 1, '013090314.jpg', '$2y$10$bkMAArkNy4zzg4X6GP0AjuqqM58fJU1CYz8k5fWBIsRt44aJVhpv2', NULL, '2017-10-11 15:56:13', '2017-10-11 15:56:13'),
(2123, '00610038', 'DWI ASMORO', 'Laki-Laki', '3374021406790006', 'Islam', '8732288700', 2, 13, 7, 8, '1979-06-14', 'Jl. Abdul Rohman Bugen RT 002 RW 001, Muktiharjo Kidul, Pedurungan, Semarang', '2007-01-02', 'Tetap', 'dwi.asmore@gmail.com', 1, '00610038.jpg', '$2y$10$fLiefuxvHjEVgHdTdvr.oerPmcOm0r1O9lqXHRVpc4SbrXxvumHHG', NULL, '2017-10-11 15:56:13', '2018-02-01 07:22:21'),
(2124, '014040405', 'DWI HARSANTA', 'Laki-Laki', '3310142112830001', 'Islam', '85643916155', 2, 13, 34, 8, '1983-12-21', 'Joyotakan RT 007 RW 005, Joyotakan, Serengan, Surakarta', '2014-04-28', 'Tetap', 'zantajava@gmail.com', 1, '014040405.jpg', '$2y$10$B9dvv5M4bmPBxCUVnZXqAeh4TUCZz0C7gNPVMP5KVkFq6SGrHui4e', NULL, '2017-10-11 15:56:14', '2017-10-11 15:56:14'),
(2125, '013120349', 'DWI PRIHATIN', 'Perempuan', '3322174610920001', 'Islam', '85727838502', 2, 13, 6, 4, '1992-10-06', 'Dsn Poten RT 002 RW 001, Siwal, Kaliwungu, Semarang', '2013-12-23', 'Tetap', 'olaladwi@gmail.com', 1, '013120349.jpg', '$2y$10$rO0G5rFY6tof/4lKxRsMle405VTEu7072FoaT/xqpFYebWEjPRksK', 'xCGYSRGvQ5xCra8aEkNdHs4zNL6rbYzzDRr3Hf6hZfw9JxNSzSB7CX5nzw9H', '2017-10-11 15:56:14', '2018-08-24 08:44:08'),
(2126, '015040491', 'DWI RAHAYUNINGSIH', 'Perempuan', '3374044210870001', 'Islam', '81215909478', 2, 13, 42, 8, '1987-10-02', 'Jl. Medoho I No.34 Rt.1 Rw.1 Semarang', '2015-04-27', 'Tetap', 'ayucantix87@gmail.com', 1, '015040491.jpg', '$2y$10$NCqenDVOqCRxNqWHqAOm8uPIt3fmVXEzlfnP3Efik50JigWGwI5ay', 'SAj87ZXCWq7SjgpcFICmyAY1nMhH1uUPobcO1VIyxZkgkgWpLfPSHcQpnIdb', '2017-10-11 15:56:14', '2017-10-11 15:56:14'),
(2127, '04010018', 'EDDY BAGUS PRIANTORO', 'Laki-Laki', '3374020109540001', 'Islam', '81229019590', 2, 36, 12, 8, '1954-09-01', 'Jl. Muara Mas Timur no. 7 RT 004 RW 003, Panggung Lor, Semarang Utara', '2010-04-08', 'Kontrak', 'eddybagus.maa@gmail.com', 1, '04010018.jpg', '$2y$10$40dC7rJvtIPsnXOq0jP3oOgPIVSXNE.sklF7aY/ag8QjRa/x6FcjS', NULL, '2017-10-11 15:56:14', '2017-10-11 15:56:14'),
(2128, '014040407', 'ERLY ROSALINA', 'Perempuan', '3374156507730001', 'Islam', '85200438969', 2, 13, 43, 8, '1973-07-25', 'Jl. Gatot Subroto no. 23 RT 004 RW 003 Purwoyoso, Ngaliyan, Semarang', '2014-04-28', 'Tetap', NULL, 1, '014040407.jpg', '$2y$10$Q7QhMs67E5LhkYFI9JA9sefhJHv1k1IkhBqKpN.QG2iQqv3NN/nqe', NULL, '2017-10-11 15:56:14', '2018-09-25 03:20:21'),
(2129, '011020109', 'ERNA SETYORINI', 'Perempuan', '3374046901770001', 'Islam', '82221704801', 2, 13, 37, 8, '1977-01-29', 'Jl. Karang kimpul RT 003 RW 001 no. 10, Tambakrejo, Gayamsari, Semarang', '2011-02-07', 'Tetap', 'erna.setyorini.maa@gmail.com', 1, '011020109.jpg', '$2y$10$jCnwjHKCYxy0pHnrfDq7vOBexUE5k6KkP7mVbMBHQyDYW7rNNZaiS', 'VTbKfxglw1kUWvKh0XjAcCE2Lvko2XWs481g5Cw8yDhIhUa2rb1JMzfsCHcg', '2017-10-11 15:56:14', '2017-11-04 02:57:04'),
(2130, '00309052', 'ERNY YUNI HASTUTI', 'Perempuan', '3374135806710001', 'Islam', '81329511655', 2, 21, 41, 8, '1971-06-18', 'JL. KIMAR III/38 SEMARANG', '2009-03-23', 'Tetap', 'erny.yunihastuti@gmail.com', 1, '00309052.jpg', '$2y$10$NibLuREeXcvXgFmBQlg8f.gVuRttbTCd8AkLLA/afhWHNpNyIs6oG', 'yqDauK49qC8Cj2s656ur8qeVv9B7DMdGKukBAEhi6BdFsXpURzd8oIS6XcvZ', '2017-10-11 15:56:14', '2017-11-15 03:48:11'),
(2131, '017080613', 'FANDY SEPTIAWAN', 'Laki-Laki', '3302252709890002', 'Islam', '85647631132', 2, 13, 6, 1, '1989-09-27', 'GENDONG RT004/ RW 008, SENDANG MULYO- TEMBALANG', '2017-08-18', 'Tetap', 'fandyseptiawan89@gmail.com', 1, '017080613.jpg', '$2y$10$V/BE35q4ancZNFg2GOaauuOhSu9qucmLW4YkQVR0CJ/6wJFokTw3i', 'Kc9zMPcofJmT5QW0oUjwWFqK1BiYWBy4crJPEMtfRQC23LGvb5itEYV2jg77', '2017-10-11 15:56:14', '2018-08-24 09:16:32'),
(2132, '015090517', 'FERI SULISTIANTO', 'Laki-Laki', '3309190209910002', 'Islam', '822433660568', 2, 13, 43, 8, '1991-09-02', 'Dampit Rt.7 Rw.2 Kalimati Juwangi Boyolali', '2015-08-25', 'Tetap', 'ferisulisndut@gmail.com', 1, '015090517.jpg', '$2y$10$buXtwdyLfzoVc7SVNxqKLeM/bvzWR7S3UOOEPz6cfOLqWE42pWRTq', NULL, '2017-10-11 15:56:14', '2017-10-11 15:56:14'),
(2133, '014060421', 'FIRMAN NURYANTO', 'Laki-Laki', '3374030811820000', 'Islam', '82136049894', 2, 13, 40, 8, '1982-11-08', 'Rejosari Gumuk A no. 7 RT 001 RW 011, Rejosari Semarang Timur', '2014-06-02', 'Tetap', 'oman_fx@ymail.com', 1, '014060421.jpg', '$2y$10$N2mP8UTd7F8umINDhKAwS.1P5wy094wQiSbkoru70ivA3gaBQ1fNe', 'vDa8v87sNO8bdI2NB6LoezPOjvLkHhATuoXjUI69vzhE3reMfBTabNhiLXS7', '2017-10-11 15:56:15', '2017-11-07 05:32:11'),
(2134, '014060423', 'GAN, FANNY SETIOWATI WIBOWO', 'Perempuan', '3374026110660001', 'Kristen', '8122900676', 2, 20, 42, 8, '1966-10-21', 'Jl. Kuala Mas I/16 RT 001 RW 013 Panggung Lor, Semarang Utara', '2014-06-27', 'Tetap', 'f_setiowati@yahoo.com', 1, '014060423.jpg', '$2y$10$r4sraPZ9srLMy2cH04hSTOkI6L0sSx0S4gNxfzEe9akTYP4OJMzWa', NULL, '2017-10-11 15:56:15', '2017-10-11 15:56:15'),
(2135, '012010188', 'HARI CAHYADI', 'Laki-Laki', '3328142009850003', 'Islam', '82116219085', 2, 20, 40, 8, '1985-09-20', 'Jl. Gajah Barat VI no. 7 RT 012 RW 009, Pandean Lamper, Gayamsari, Semarang', '2012-01-26', 'Tetap', 'harycahyadi9@gmail.com', 1, '012010188.jpg', '$2y$10$Hg/c1.mjdFoUv5S7AGxoz.NYF2cudfSTUH79IeioJQK/eGKq.JLFO', 'Rw3pWNkaCnOKBW7ki9Mg38frovHoJISFbVTiM8FORf4OBj9TFKkGjMQ77KoP', '2017-10-11 15:56:15', '2017-12-21 08:00:18'),
(2136, '014090441', 'HARRY SUSANTO UTOMO', 'Laki-Laki', '3374021708540005', 'Khatolik', '8812401049', 2, 28, 34, 8, '1954-08-17', 'Permata Kuning J-164, RT 007 RW 006, Kuningan Semarang Utara', '2014-09-15', 'Kontrak', NULL, 1, '014090441.jpg', '$2y$10$F2YVoN96XtqB9GedOWqXTehmkgESw.1w9SNrNpHuEW/./sRTCkSc6', NULL, '2017-10-11 15:56:15', '2017-10-11 15:56:15'),
(2137, '012060237', 'HASTUNGKORO EMILUGARA', 'Laki-Laki', '3374080205770001', 'Khatolik', '8156687285', 2, 24, 34, 8, '1977-05-02', 'Gombel Permai VII/185 RT 005 RW 007, Ngesrep, Banyumanik, Semarang', '2012-06-18', 'Tetap', 'emilugara@gmail.com', 1, '012060237.jpg', '$2y$10$rMhJdk.ZlgfqIEfb6rteqeFCuGYMSD5urbcCwdglxRbVU89x62ete', 'upMyxxs4GLspz1MASzx0QFtryjRkCs1oKjU35ETaWNn1pB9HbOiuGeWJrnk7', '2017-10-11 15:56:15', '2017-10-31 07:25:36'),
(2138, '01003000', 'HENGKY TANTO S', 'Laki-Laki', '3374011602720002', 'Kristen', '811274466', 2, 34, 12, 8, '1972-02-16', 'Gang Tengah no. 49 RT 004 RW 004, Kranggan, Semarang Tengah', '2003-10-21', 'Tetap', 'hengky.maa@gmail.com', 1, '01003000.jpg', '$2y$10$a9LCFHtAfe/Nz8wujOd0NuLMuvNrb7DuIV05Yi5ky6nAuKJbC9mD.', 'HkiAS0gLG9TZSqoUATWsjT4u3jRrRTu6Wuhw3XphgowUl3mf8IRQtDo5ovnV', '2017-10-11 15:56:15', '2017-10-11 15:56:15'),
(2139, '015040494', 'HERI WIJAYA', 'Laki-Laki', '520109020580002', 'Islam', '817268254', 2, 24, 29, 8, '1985-05-02', 'Villa Tembalang Blok E 8 Bulusan Tembalang', '2015-04-28', 'Tetap', 'heriwijaya.bprmaa@gmail.com', 1, '015040494.jpg', '$2y$10$7tSgD2P98RhdmMUy.8zGvOX4Jx5de4KhVlI03g.2hlFAD5wH75v7q', 'is3u3jK4SDQ2pnSQCYaQqJIfiQzeeaE0zx7FJc092MQXHmK0JGX6eDpaRjv2', '2017-10-11 15:56:15', '2017-11-07 10:28:48'),
(2140, '016020567', 'IDA RODLOTUL CHASANAH', 'Perempuan', '3315166808920006', 'Islam', '82242724425', 2, 13, 36, 8, '1993-08-28', 'Jl.Kalimasada Banaran Gunung Pati Semarang, Desa Guci RT 02/ RW 01 Godong, Grobogan', '2016-02-13', 'Tetap', 'idachasanah33@gmail.com', 1, '016020567.jpg', '$2y$10$K6.f9tcK1cMgBC2KWShqouSJQqTggdXTpcFbJjgFtQdNTFL8tvznC', '93HbchoYTXWEEyXcZPhCjLBRirQfn1sx4MIeBzBmu45Xf454VEcVSgGLs7tg', '2017-10-11 15:56:15', '2017-11-10 02:29:54'),
(2141, '014030388', 'IKA PUSPITA SARI W', 'Perempuan', '3374076612870001', 'Islam', '8156678918', 2, 13, 41, 8, '1987-12-26', 'Jl. Mugas Dalam XII no. 1 RT 005 RW 001, Mugasari, Semarang Selatan', '2014-03-24', 'Tetap', 'ikawirya87@gmail.com', 1, '014030388.jpg', '$2y$10$r9Z1nQ.aDEuFz0kUpYzefefH4/S1/8bZyeh.fRIwpIS68GeAjhQfG', '4yU0XQf931GbacTXHyLZYmgRMsXBel5deIhQgLM1XnLnkOwxsUBGF3F4gMXj', '2017-10-11 15:56:16', '2018-01-02 07:43:32'),
(2142, '015020475', 'ISRIANTO', 'Laki-Laki', '3318142211720002', 'Islam', '87731344966', 2, 13, 43, 8, '1972-11-22', 'Jatisari Lestari C2/2 RT006/011 Jatisari, Mijen', '2015-01-26', 'Tetap', 'isrianto12345@gmail.com', 1, '015020475.jpg', '$2y$10$m3xm2IC.SYATzYm0j9pipuDjK.xcZ2f0oC2tKh8jOS349DeyphQx.', 'meS31dP1dVdooEdD70gRnjK6jcbjn9OurW39TK1ssMN3XPqRHFPiaGNbnZR8', '2017-10-11 15:56:16', '2017-10-11 15:56:16'),
(2143, '013080306', 'JOKO RIDWAN RISTIYAN', 'Laki-Laki', '3374112403920003', 'Islam', '85640005855', 2, 13, 34, 8, '1992-03-24', 'Klipang Permai Blok I/388, RT 003 RW 023', '2013-08-01', 'Tetap', NULL, 1, '013080306.jpg', '$2y$10$B9sGvbO1FdmzsEGE1p9ULupD47pz.q.thJ1n8yT0gOlE6aPA4rd9O', NULL, '2017-10-11 15:56:16', '2017-10-11 15:56:16'),
(2144, '01003005', 'JUNI PINARINGSIH', 'Perempuan', '3374074906750001', 'Kristen', '8156678259', 2, 24, 41, 8, '1975-06-09', 'Lamper Mijen RT 005 RW 005 Lamper Tengah, Semarang Selatan', '2003-10-21', 'Tetap', 'ho.maa92@gmail.com', 1, '01003005.jpg', '$2y$10$RN6VCV7xowATq7KD2.gt/eB8eCrdbpQmRG4LsvD9Bu/BxN.IwnUf6', '53Ctk1P8ARISYl4jlgNNV1EQvPzNAEV4tZeM3SLXgM8U59YX9439ep3wGRNu', '2017-10-11 15:56:16', '2017-10-11 15:56:16'),
(2145, '01009010', 'KELIK SUGIANTO', 'Laki-Laki', '3374131007710015', 'Islam', '8112708777', 2, 28, 38, 8, '1971-07-10', 'Mega Residence, Jalan Tulip Garden No. 51 RT 016/RW 006 Kelurahan Pudak Payung Kecamatan Banyumanik Kota Semarang', '2009-10-19', 'Tetap', 'keliksugianto@yahoo.co.id', 1, '01009010.jpg', '$2y$10$pA4lfwn.IKi0Q1.aqSApg.dS9RqSVqdUy3nQ7X6Cpsctml7iQCGT6', 'nMMn85a1razgToiSdwa4xxNlUJEwyQt1c2aQP39VLHWcJDeNbRZQngB7QTsy', '2017-10-11 15:56:16', '2017-12-14 02:34:24'),
(2146, '015010458', 'LAILATUL BADRIAH', 'Perempuan', '3315065807950001', 'Islam', '82220263649', 2, 13, 44, 8, '1995-07-18', 'Ds. Mlowo RT 001 RW 001, Mlowo, Karangtakur, Pulokulon, Grobogan', '2015-01-05', 'Tetap', 'blaila.graceyah1875@gmail.com', 1, '015010458.jpg', '$2y$10$/3r2R4oi76DMP0ERE/QvO.H7gM3hnTmTOxGPURG1TDzWaGgzmRLMy', 'Ory4ABm86yYIvbqlUR0dbxkWNWHgYgih6u37LurBOIlTdDP6T0OH40L5Azf9', '2017-10-11 15:56:16', '2018-01-08 05:27:00'),
(2147, '012030218', 'LENY ARJANY', 'Perempuan', '3374094810710001', 'Kristen', '81914630558', 2, 30, 12, 8, '1971-10-08', 'Jl. Iman Bonjol no. 109 RT 003 RW 001, Purwosari, Semarang Utara', '2012-04-02', 'Tetap', 'leny.arjany85@gmail.com', 1, '012030218.jpg', '$2y$10$6aH3j8HRikPkExc/DQY7LuYnZikxpUT82g9llTjLxv9CSN/DyOtbi', '7ebEcHLRG5RnSEdcdlucZqezvH4CWgFdW8PpbjkPMOdpwOMwIf78ZSgm8ckr', '2017-10-11 15:56:16', '2017-11-06 02:30:16'),
(2148, '017090621', 'MADE LAKSANA AGUNG BAYUADI', 'Laki-Laki', '3374050111780001', 'Katholik', '81215556018', 2, 13, 40, 8, '1978-11-01', 'JL. ARGO MUKTI NO. 554 RT 005/ RW 025, TLOGOSARI KULON, KEC. PEDURUNGAN, KAB. SEMARANG', '2017-09-25', 'Kontrak', NULL, 1, '017090621.jpg', '$2y$10$XKsy2Rstj84cnnrfOs3dBu3PcAeP7ZKMaycPs1gdj2kdcMxVLgV4e', 'hzu4FPPxFE8VgFNUB34iZgT6dybu2iA1eTvHE14qlbpVGUViVzZhnTUouE7B', '2017-10-11 15:56:16', '2017-10-11 15:56:16'),
(2149, '017080612', 'MARIA ADHETA', 'Perempuan', '3374114708950001', 'Katholik', '85290050946', 2, 13, 36, 8, '1995-08-07', 'JL. KEPODANG B-III/ 110 KOPKAR RT 004/ RW 012 PUDAK PAYUNG BANYUMANIK', '2017-08-16', 'Tetap', 'mariaadheta07@gmail.com', 1, '017080612.jpg', '$2y$10$iPvEciKUS/y1sTTMiXyDu.AKSzhfKX7kw4SaByN6JOf0aqLkJNQD6', NULL, '2017-10-11 15:56:17', '2018-08-24 09:26:15'),
(2150, '01203009', 'M ISROI', 'Laki-Laki', '3374010509730004', 'Islam', '85713016914', 2, 12, 43, 1, '1973-09-05', 'Jl. Bedagan I no. 529 RT 003 RW 002, Sekayu, Semarang Tengah', '2009-12-04', 'Kontrak', 'm.isroi73@gmail.com', 1, '01203009.jpg', '$2y$10$3s1juOXbHqFVNEFhiU4iJOZgqw8nsxg.R04RNGGPn5VIlHs.zijDy', NULL, '2017-10-11 15:56:17', '2017-11-10 02:43:41'),
(2151, '014120453', 'MAHARDIKA RIZKI AMALIA', 'Perempuan', '3374144212920001', 'Islam', '81227101448', 2, 13, 39, 8, '1992-12-02', 'Kedungpane RT 003 RW 005, Kedungpani, Mijen, Semarang', '2014-12-22', 'Tetap', 'mahardikarizki.a@gmail.com', 1, '014120453.jpg', '$2y$10$zfrksEDjpO0QBo2QTDNdSOkIDu1P.oPQW4Qh5AIImzD4Le3UGdiyG', 'IWer04tqKwrhBzl7pjGNqlpDjdIzVNs77g9V1sY9Q3SdVNFMUVBdMBVDQbib', '2017-10-11 15:56:17', '2017-10-11 15:56:17'),
(2152, '017050599', 'MEGA BAGUS SUJATMOKO', 'Laki-Laki', '3319050603880002', 'Islam', '8112991388', 2, 13, 36, 8, '1988-03-06', 'JL. TIRTO USODO TIMUR, PERUM ROYAL ARCADIA NO. B9, PEDALANGAN BANYUMANIK', '2017-05-08', 'Tetap', 'megabaguss@gmail.com', 1, '017050599.jpg', '$2y$10$gG4EYAG2BOek2pcO11S.jOfXUD68lYrTHLTY/fBY6sUi0xoKBmNSG', 'U5qWnc7E8u2rZAlEFRXOFdiSmSzG8P49lGBUt4hePkhsrUXSE1blS29g5eWC', '2017-10-11 15:56:17', '2018-08-24 09:28:47'),
(2153, '01010067', 'MOCH HENDRI SUKAMTO', 'Laki-Laki', '3374080405810004', 'Islam', '81575387008', 2, 13, 28, 8, '1981-05-04', 'Kagok Dalam 3 no. 68 RT 001 RW 005, Wonotingal, Candisari, Semarang', '2010-10-26', 'Tetap', 'sukamtohendri@gmail.com', 1, '01010067.jpg', '$2y$10$eC56Iy77bba/VTuzofiq1ORNsGdwGFojiTs95pG0v46ONLdKjQHn.', NULL, '2017-10-11 15:56:17', '2017-10-11 15:56:17'),
(2154, '015050498', 'MUHAMMAD ARIFIN', 'Laki-Laki', '3374101803920002', 'Islam', '85824094008', 2, 13, 39, 8, '1992-03-18', 'Jl.Tegal Kangkung 143B Rt.5 Rw.2 Kedungmundu Tembalang Semarang', '2015-05-11', 'Tetap', 'muhammadepinn92@gmail.com', 1, '015050498.jpg', '$2y$10$Zyoa614nZv1xgsrQzeIjrejKyuU4fh1ULKmMknhENz4O2Bt9y169u', 'NrN2HieZHiPgdct4SkNDywy5YR6qnr1iyLr6ueTzRJDDvZJ2CDIQiPs6cOyy', '2017-10-11 15:56:17', '2018-01-11 02:02:48'),
(2155, '012120270', 'MUNKARIS', 'Laki-Laki', '3374061904880003', 'Islam', '85878817499', 3, 22, 39, 8, '1988-04-19', 'Tlogomulyo Gasem Peting RT 007 RW 007, Tlogomulyo, Pedurungan, Semarang', '2013-11-26', 'Tetap', 'munkaris88@gmail.com', 1, '012120270.jpg', '$2y$10$3uqK0s.aVSUXEFs9WKlZceu7GeqnFZWBPkxNLzplAS2gDFRmWdPIy', 'Wd4IrfZoK7OjBC3DMsyg6uQdUtn0f3QEr61pidCaTogvZixsEDDBIbgbDShD', '2017-10-11 15:56:17', '2019-07-26 07:57:01'),
(2156, '014060418', 'N.T. YUDITYA WICAKSONO ADI NUGROHO', 'Laki-Laki', '3374130902850002', 'Katholik', '82134885989', 2, 24, 28, 8, '1985-02-09', 'Jl. Kurantil II/165 RT 05 RW 05, Kel. Krapyak, Semarang Barat', '2014-06-02', 'Tetap', 'yuditya1985@gmail.com', 1, '014060418.jpg', '$2y$10$5kgMNmngmMmfdJOfoXqnIuV40GnUYuHxI0IuqXL3srGEYKN.uyAGi', NULL, '2017-10-11 15:56:17', '2017-10-11 15:56:17'),
(2157, '013050290', 'NUR ARIFIN', 'Laki-Laki', '3318190504860004', 'Islam', '85641346444', 2, 20, 43, 8, '1986-04-05', 'Sambiroto RT 008 / 001, Sambiroto, Tayu, Pati', '2013-05-22', 'Tetap', 'ari3pin.na@gmail.com', 1, '013050290.jpg', '$2y$10$MCB4DIxiwncAOz7tjmc0vOnn4ywQ6bIMlsnUEeZK6CbWaGbR3Nhl.', NULL, '2017-10-11 15:56:18', '2017-10-11 15:56:18'),
(2158, '017060602', 'NUGRAHANI DIAN LESTARI', 'Perempuan', '3374045701810001', 'Islam', '81901721121', 2, 13, 36, 8, '1981-01-17', 'PERMATA TEMBALANG EDELWEIS 45 BANYUMANIK RT 003/ RW 005 DESA KRAMAS', '2017-06-12', 'Tetap', NULL, 1, '017060602.jpg', '$2y$10$Mr1dACuxpXtiVF1FZm8Ge./a.TKEoEfw22RHh1y60f9d8MgsTmxYe', NULL, '2017-10-11 15:56:18', '2018-08-24 09:28:16'),
(2159, '01112168', 'PASRAHANTO MAHARDIKA', 'Laki-Laki', '3374113010900002', 'Islam', '85640919740', 2, 24, 39, 8, '1990-10-30', 'Jl. Kopodang Selatan I/A-9, RT 003 RW 014, Pundak Payung, Banyumanik, Semarang', '2011-12-12', 'Tetap', 'dikadikodika@gmail.com', 1, '01112168.jpg', '$2y$10$ecjxMescWYU5CaiMpTNz4OrOv5r39OeBIhr53M.ThOxBJiDY9ZFge', 'scUAfUdNuOQwWxbMAW5iqxaen6tTRo4OIC7pauvzRRbmNRCTzs2YnT5XW2nj', '2017-10-11 15:56:18', '2018-07-07 03:41:45'),
(2160, '016040580', 'PETRUS CLAVER ARI S', 'Laki-Laki', '3374132509810003', 'Katholik', '81325755735', 2, 13, 34, 8, '1981-09-25', 'Jl.Patimura Perum Kampoeng Harmony O18 Rt.9/9 Bandarjo Ungaran Barat', '2016-04-01', 'Tetap', 'massastra@yahoo.com', 1, '016040580.jpg', '$2y$10$vnJRYjwpoQ2DcFJiclbwGufnWDLgPYXHkm9meG3DLWHFq1vWqE30m', 'fNpWLHLyuijTwm8Ar5XEq9eYN191Kbtzws9TN3DLvmDGgCVQgDoM1hdWQFk7', '2017-10-11 15:56:18', '2017-10-11 15:56:18'),
(2161, '013120374', 'RIZKI BAYU ADMAJA', 'Laki-Laki', '3374101210960001', 'Islam', '89668601385', 2, 13, 38, 8, '1996-10-12', 'Klipang Blok Z XV/A/9 RT 003 RW 003, Sendangmulyo, Tembalang, Semarang', '2014-06-30', 'Tetap', 'rizkibayu16@gmail.com', 1, '013120374.jpg', '$2y$10$AuYlvYNt89qJvMc7OLD96uaQhAe69lu847cNIq/ilS/tXHd7etMSa', 'BL7IFdcTaYuoSNf2zovZYUmDBzoMxh9wnBToMDndv0OT2yqKZjeJDZUQzkZF', '2017-10-11 15:56:18', '2018-02-05 08:22:37'),
(2162, '014100443', 'RIYADI', 'Laki-Laki', '3311030408820002', 'Islam', '81325618253', 2, 13, 34, 8, '1982-08-04', 'Perum Puri Taman Asoka No. 37 Dk. Gambiran RT 003 RW 004 Ds. Sukoharjo Kec. Margorejo Kab. Pati', '2014-11-01', 'Tetap', NULL, 1, '014100443.jpg', '$2y$10$QkbudqqqAmzW5dwOS8Z59e2UTOwrQgT.ftQOKF46agxN8rQDiVgUy', 'u0aHtN3GySWmo9vLoP5cm27kOsQC6bQfzJvfvKVSC7sT91LM26yN3IJCNQcl', '2017-10-11 15:56:18', '2017-11-15 08:21:06'),
(2163, '011020123', 'ROSADY HERSASONGKO', 'Laki-Laki', '3374071305830002', 'Islam', '82225543931', 2, 13, 41, 8, '1983-05-13', 'Jl. Nias no. 8 RT 001 RW 004, Karangtempel, Semarang Timur', '2011-02-21', 'Tetap', 'rosadihersasongko@yahoo.co.id', 1, '011020123.jpg', '$2y$10$FWpvPXuo42gPRR15Zn/Iq.vDgiIEQUvqCwCE4iISvGmQI6YymJZjm', NULL, '2017-10-11 15:56:18', '2017-10-11 15:56:18'),
(2165, '05010025', 'SEPANOV KURNIANTO', 'Laki-Laki', '3322180211810003', 'Islam', '85727584484', 2, 20, 28, 8, '1981-11-02', 'Jl. Bima I no. 14 RT 006 RW 010 , Lerep, Ungaran Barat, Semarang', '2010-05-05', 'Tetap', 'sepanov.panov123@gmail.com', 1, '05010025.jpg', '$2y$10$7Yj2YU6zhHF8b9p6EqpkfOO5HDK87b3U2qU/6BrusKXb97gfZgDtS', NULL, '2017-10-11 15:56:18', '2017-10-11 15:56:18'),
(2166, '00108054', 'SIGIT ARIE H', 'Laki-Laki', '3374130609790005', 'Islam', '85640691979', 2, 32, 12, 8, '1979-09-06', 'Jl. Mendut VII no. 8 RT 002 RW 011,Kalipancur, Ngaliyan, Semarang', '2008-02-08', 'Tetap', NULL, 1, '00108054.jpg', '$2y$10$xF5QwdndMVpTewd4VdOYWO3/rUwaaFVY4Nf7KDzgUbdzczuxsacla', 'aXK2BCntc5l4qWZe2kmftdhJssGZ0RDshdW2hI4htLFhljMQenp9l4lGpsng', '2017-10-11 15:56:19', '2017-10-11 15:56:19'),
(2167, '013040284', 'SIGIT BAGUS PANUNTUN', 'Laki-Laki', '3374123003900002', 'Islam', '81225226175', 2, 13, 29, 8, '1990-03-30', 'Jl. Dewi Sartika Barat IV / 16 RT 003 RW 003, Sukorejo Gunung Pati, Semarang', '2013-04-13', 'Tetap', 'sigit.baguspanuntun@gmail.com', 1, '013040284.jpg', '$2y$10$QNasTKrnmFDsdXQfpqfabuz9LOU2GH0xUOkJ/7qFzGrXxi1Y.Kuzi', 'RCJZkD4B7rCiV9i4XsqCCYjoF3vGTSB5YaR9eKXfC84tmzmwBPtD83rMOglT', '2017-10-11 15:56:19', '2017-11-07 10:09:26'),
(2168, '017090619', 'SITI NINGRUM WIDYASTUTI', 'Perempuan', '3308205805940001', 'Islam', '85619677960', 2, 13, 30, 1, '1994-05-18', 'DSN.BENER RT 01, RW 01,KEC. SECANG, KAB. MAGELANG', '2017-09-11', 'Kontrak', 'nwidya08@gmail.com', 1, '017090619.jpg', '$2y$10$bQV69VA4FpgFi3t3jxlv5OJoPluhR.tLJ4jH4H7Ul3opSn4YLEgEe', 'On62rwCveEJWkGvpU7HqF3SdGe1XKfUFa06TSDQTVkoUSAZEB3fLGnjyKmMg', '2017-10-11 15:56:19', '2018-08-24 08:15:02'),
(2170, '01209009', 'SRI HANDAYANI', 'Perempuan', '3374014104780001', 'Islam', '85866919250', 2, 20, 28, 8, '1978-04-01', 'Jl. Turangga Utara IV no. 886, Pedurungan, Pedurungan Tengah, Semarang', '2009-12-07', 'Tetap', 'yani01.maa@gmail.com', 1, '01209009.jpg', '$2y$10$a6OX0CZQUnalpOZVkfisxevKMygTxmvKHd1mAvfvATc9wxLtz2jc.', 'o2OhvmDZyNVbYNrFcUTBiLZ3lAYjke1jjsgfCfD7WbiflqlrupvVHaqypyj9', '2017-10-11 15:56:19', '2017-10-11 15:56:19'),
(2171, '01003001', 'SOEJANTO', 'Laki-Laki', '3374131809630001', 'Kristen', '811290719', 2, 38, 12, 8, '1963-09-18', 'Golf Residence Kavling 7 no. 1 RT 008 RW 002, Jangli, Tembalang, Semarang', '2003-10-21', 'Tetap', 'syt.mcs.smg@gmail.com', 1, '01003001.jpg', '$2y$10$eOsU2mdT3SiqHKr.QF6xquSU9TszwaKzXOeOt088A6zuroI57TcYO', NULL, '2017-10-11 15:56:19', '2017-10-11 15:56:19'),
(2172, '06010040', 'SUGENG SARTONO', 'Laki-Laki', '3374091805590001', 'Islam', '8562694001', 2, 10, 43, 8, '1959-05-18', 'Kintelan no. 104 RT 001 RW 002, Bendungan, Gajah Mungkur, Semarang', '2010-06-21', 'Kontrak', 'sugeng.sar.ga@gmail.com', 1, '06010040.jpg', '$2y$10$5zccO99QIYKlQJxWaYpRM.LnGqIq57.PdEc8OaZpQoUWQNQDywm2W', NULL, '2017-10-11 15:56:19', '2017-10-11 15:56:19'),
(2173, '00908078', 'SUYAMTO', 'Laki-Laki', '337410070180004', 'Islam', '82325562879', 2, 13, 36, 8, '1981-01-07', 'Saptamarga II no. 117 RT 001 RW 001,Jangli, Tembalang, Semarang', '2008-10-06', 'Tetap', NULL, 1, '00908078.jpg', '$2y$10$ru.Q0gBIEJyDW.dQm2yU/.AnpSUzYdQfgwe0LVOElPO0Xo3CAuADe', '537cJaTm3HnRfKrEZOu6NYvrtClOwpxXTcSK0nR6wbFustGNauL0HTQFs7LS', '2017-10-11 15:56:19', '2018-08-24 08:02:16'),
(2174, '00306034', 'TEGUH RAHAYU', 'Laki-Laki', '3373040703810003', 'Kristen', '88215524405', 2, 13, 34, 8, '1981-03-07', 'Jl. Nakula Sadewa Raya no. 10 RT 007 RW 003, Dukuh, Sidomukti, Salatiga', '2006-03-20', 'Tetap', 'teguhrahayu981@gmail.com', 1, '00306034.jpg', '$2y$10$O9Ngu6mSARxXPq7DoZHqUu9Iu.3BspPQ0kbzpz2uSXJTl0q1sS9OW', 'TDROOINSanA0aNpL8ykSvXcE5tcKULdzGlFCbtH5gLIMkHZ9HwVkUKXjy5xn', '2017-10-11 15:56:20', '2017-10-11 15:56:20'),
(2175, '015080511', 'TRI HANDOKO', 'Laki-Laki', '3374080801820001', 'Islam', '81226792580', 2, 13, 22, 8, '1982-01-08', 'Jl. Candi Pawon Selatan 8 N0 27 Rt.2 Rw.1 Kalipancur Ngaliyan', '2015-08-18', 'Tetap', 'tyashandoko26@gmail.com', 1, '015080511.jpg', '$2y$10$Cg6akMOy1Srrh/7Y1dyNd.YuYiTEuUPDBJupXdJ9DGUT91gy95bDS', NULL, '2017-10-11 15:56:20', '2017-10-11 15:56:20'),
(2176, '01003006', 'TRI YURI LESTARI', 'Perempuan', '3374064610670003', 'Islam', '81228508111', 2, 24, 42, 8, '1967-10-06', 'Pedurungan Tengah RT 004 RW 002, Pedurungan Tengah, Semarang', '2003-10-21', 'Tetap', 'tarytophans@gmail.com', 1, '01003006.jpg', '$2y$10$i3d2XckFFDIieFKWiaKWTuplPMP1jKb24s00v.YypxBqnxsjzPAe.', NULL, '2017-10-11 15:56:20', '2018-10-06 09:03:41'),
(2177, '015040492', 'TRI YANTO', 'Laki-Laki', '3374062705810011', 'Islam', '85640031155', 2, 13, 34, 8, '1981-05-27', 'Pedurungan Kidul Rt 3 Rw 1 Pedurungan Kidul Pedurungan', '2015-04-27', 'Tetap', NULL, 1, '015040492.jpg', '$2y$10$vCr4zAZ1Fiz3TaNjCmczZ.ZjS1nhGWOMjWmIug5TwXS86eDS9DEi2', 'n5Lgm1dMoLaxx3g32BantcpZPpNGJmq1rbRsKMyx9tCcbH9NA8wubcoQOs4e', '2017-10-11 15:56:20', '2017-11-13 03:23:53'),
(2179, '00104010', 'WAHYU PRIYO UTOMO', 'Laki-Laki', '3374031404760005', 'Islam', '8156576064', 2, 13, 39, 8, '1976-04-14', 'Jl. Blimbing I- B2/1, RT 002 RW 012, Jatisari Permai, Mijen , Semarang', '2004-01-02', 'Tetap', 'wahyupriyo@gmail.com', 1, '00104010.jpg', '$2y$10$IB1E3ov3459PGg.gWWbS1O7zszlJMY2TG/xckbj.InoplTi71I9Da', '5pq4rxMUmqI14EQqYjgHe32GjhAEv6yxLclv4Z9HcZFrRQDWtkj3DTaAvZh5', '2017-10-11 15:56:20', '2017-10-11 15:56:20'),
(2180, '014020369', 'WAHYU WULAN ADISTA', 'Perempuan', '3374067012840001', 'Islam', '85600046656', 2, 13, 28, 8, '1984-12-30', 'Jl. Kangguru Raya no. 48 RT 006 RW 003, Gayamsari, Semarang', '2014-02-12', 'Tetap', 'adistahappy@gmail.com', 1, '014020369.jpg', '$2y$10$5j3mWyYr8s2/4J5RIVqiZOcZe8QMDbgQQQfXSUK3J.tkOG1ziGXhC', 'Zo1jv6292J2qJX4u0aQNd8oBPuZHsstuQePGqWjLSkYYpFM0sMa0s81i8Wra', '2017-10-11 15:56:20', '2018-01-29 09:14:33'),
(2181, '014060425', 'YANUARITA PITASARI', 'Perempuan', '3374035101740001', 'Islam', '83842036363', 2, 13, 42, 8, '1974-01-11', 'Jl. Rejosari VIII/30 RT 007 RW 011 , Rejosari, Semarang Timur', '2014-06-27', 'Tetap', 'yanuaritapitasari11@gmail.com', 1, '014060425.jpg', '$2y$10$X9c3P/e99ZpKT768xdlihe8HcnGlnvhcz9AfX3xaCfRNsaxACmWJa', NULL, '2017-10-11 15:56:20', '2017-10-11 15:56:20'),
(2182, '013090320', 'YOSEP SURJANTO', 'Laki-Laki', '3374130807700002', 'Islam', '82133764182', 2, 20, 28, 8, '1970-07-08', 'Jl. Alam Peni D.1 / 11 RT 011 RW 016, Sendangmulyo, Tembalang, Semarang', '2013-09-23', 'Tetap', 'salma.yosepmaa@gmail.com', 1, '013090320.jpeg', '$2y$10$hAG/MuhLdNtAbX9Ybvuate.WyUWaVEdZaOjlv13SNg8LdXhBptUCm', NULL, '2017-10-11 15:56:21', '2017-12-29 08:58:14'),
(2184, '01009020', 'YUNIATI RETNO W', 'Perempuan', '3322187006760001', 'Islam', '87700320761', 2, 13, 40, 8, '1976-06-30', 'Dsn. Gebug RT 001 RW 009, Ungaran Barat, Semarang', '2003-12-01', 'Tetap', NULL, 1, '01009020.jpg', '$2y$10$SVgGUWE.knQb5QgjfRXoXu4kVA4vAop0D/qdfCj/3tg3T5fJsNhHO', 'EBEQ3gvPhHtwcidmdgLms4lBbbDm2wGda5Ov9r1ZJ3kpZtHmHXp9m9OdmX7Z', '2017-10-11 15:56:21', '2018-09-21 08:24:41'),
(2185, '017011635', 'ROSITA NATALIA', 'Perempuan', '3374094912840001', 'Islam', '85640420369', 2, 13, 21, 1, '1984-12-09', 'JL. Lempongsari 2 No. 503 RT 002/ RW 001 Lempongsari Gajah Mungkur', '2017-11-20', 'Kontrak', 'l_erga@yahoo.com', 1, '017011635.jpg', '$2y$10$sHrFnEBDTpbLrxE65zUwN.zeUHxCAeI2PpTnqozRVZQPeKE36.AfW', NULL, '2017-11-24 10:03:31', '2017-11-24 10:14:07'),
(2189, '017010628', 'MUHAMAD SURURI', 'Laki-Laki', '3328011803850001', 'Islam', '85727525226', 2, 13, 27, 3, '1985-03-18', 'PRUPUK SELATAN RT 005/ RW 004, DESA PRUPUK SELATAN KEC. MARGASARI KAB. TEGALSelatan', '2017-10-09', 'Kontrak', 'muhamadsururi99@gmail.com', 1, '017010628.jpg', '$2y$10$cl.7z3yMOhX4SCXLiXmxSuQ3TFbUkF2L7hSIhHV2fBPT4TArxwNj6', NULL, '2017-11-25 04:49:42', '2017-11-25 04:49:42'),
(2190, '017011634', 'MILAWATI', 'Perempuan', '3324077001950001', 'Islam', '8997887294', 2, 13, 32, 5, '1995-01-30', 'Gunung Munding RT 02/ RW 09, Desa Pasigitan, Kec. Boja, Kab. Kendal Jateng', '2017-11-20', 'Kontrak', 'lala.mila51@yahoo.com', 1, '017011634.jpg', '$2y$10$nVt2V67Z1p3IA.VcrDGcS.jchMg2IXWz94c1USc4R0uwA85/8X.q6', NULL, '2017-11-25 05:41:51', '2018-07-23 02:59:38'),
(2191, '017010632', 'ANDREAS ARGATYA HARYANTO PUTRA', 'Laki-Laki', '3374112809890001', 'Katholik', '81228500464', 2, 13, 25, 5, '1989-09-28', 'KEPODANG RAYA P-77 RT 02/ RW 012 PUDAKPAYUNG, KEC. BANYUMANIK, SEMARANG', '2017-10-26', 'Kontrak', NULL, 1, '017010632.jpg', '$2y$10$W3m4Reli09AIzWLbklO8FODUHH8KiWRAtS/3a4arYuSfZ4lLusKUq', NULL, '2017-11-25 05:48:48', '2018-03-21 03:49:15'),
(2192, '017011631', 'RISA SRI REJEKI', 'Perempuan', '3310195106980001', 'Islam', '85729715601', 2, 13, 26, 6, '1998-06-11', 'PUCANG KULON RT 01/ RW 06 PUCANGMILIRAN, KEC. TULUNG', '2017-11-06', 'Kontrak', 'risadoremi2@gmail.com', 1, '017011631.jpg', '$2y$10$WiLhWE3k44vnMjNm2rFqRORWFlnvGUIiQk91uJvh.pvw6G8u/YS06', NULL, '2017-11-25 05:56:18', '2017-11-25 05:56:18'),
(2193, '017012629', 'YOHANES HERMAWAN BUDI SAMBODO', 'Laki-Laki', '3312121211720002', 'Katholik', '81215325560', 2, 26, 9, 2, '1972-11-12', 'PERUM GIRI ASRI RT 02/ RW 03 KEL. SINGODUTAN, KEC. SELOGIRI', '2017-12-04', 'Kontrak', NULL, 1, '017012629.jpeg', '$2y$10$dxS29d5VKWZuNKb79iPGRuV.IJdsf7DyUbJnMtp3BQ3vhdG.fGdQG', '4E8fFoiQxmTxQO1kfrverj7jdDS4Fiv9VdjYMzYQKGTTV1G08Il2QVPudPn8', '2017-12-11 03:24:20', '2018-08-24 07:53:01'),
(2195, '017012637', 'ARIS SETIAWAN', 'Laki-Laki', '3601130802950002', 'Islam', '83871517351', 2, 13, 43, 8, '1995-10-03', 'JL. TAMTAMA BARAT 5 NO.92 SAPTA MARGA 3 RT 07/ RW 09 DESA NGESREP, KEC. BANYUMANIK', '2017-12-04', 'Kontrak', NULL, 1, '017012637.jpeg', '$2y$10$RRIE2PJo.Idgke1HBy0XruQmSQqtVCYJs9AulVjnZXA1A.dppUaG2', 'Qy4n1RFJ145RNG1VvA65BmoB0zWw0my2KxHZqEjxkbH9lveK1vHQmxVgpP9w', '2017-12-15 03:20:24', '2018-02-01 07:26:20'),
(2197, '017012640', 'ARIF ASROFI', 'Laki-Laki', '3318030905920001', 'Islam', '81229685119', 2, 13, 32, 4, '1992-05-09', 'KARANGMULYO RT 001/ RW 001,KARANGMULYO, KEC. TAMBAKROMO', '2017-12-11', 'Kontrak', 'arif.asrofi5@gmail.com', 1, '017012640.jpeg', '$2y$10$XY0ToOwXz.Pjd8mBdHAe0OCUCtz2iOO9w6l68.3ncMBu6nH35eKVe', NULL, '2017-12-15 03:35:11', '2018-07-23 03:03:57'),
(2198, '017012641', 'DYON JODDY KINZA NOVPRI', 'Laki-Laki', '\'3322133011920001', 'Islam', '85740705692', 2, 13, 13, 3, '1992-10-30', 'LINGKUNGAN KRAJAN LOR RT 003/ RW 001 WUJIL, KEC. BERGAS KAB. SEMARANG', '2017-12-18', 'Kontrak', 'dyonkinza92@gmail.com', 1, '017012641.jpeg', '$2y$10$3ift7DIk5TV5a7qL1VO5OOeSnmFnfs6hOlFu0RDy4siB.hmmeZ69a', NULL, '2017-12-15 03:38:02', '2018-02-01 06:58:41'),
(2200, '017012644', 'EKO SISWOYO', 'Laki-Laki', '3326102603980003', 'Islam', '85712386283', 3, 13, 39, 8, '1998-03-26', 'DUKUH PEGIRIKAN RT 002/ RW 008 DESA TEGALONTAR, KEC. SRAGI', '2017-12-27', 'Kontrak', 'eko@gmail.com', 1, '017012644.jpeg', '$2y$10$6CEiCFnRw9DzaAeoO/pohOXpvBKxFPW0efx5pTq5l9sDHqgwuWs1u', '0GGeFkK0ADScaqXvDa3P1sxUuy7vnBwE1Y5tyeg53m97cTngOpTuJPNwm7Np', '2017-12-28 09:23:56', '2018-04-16 04:24:42'),
(2201, '017012643', 'DIANNITA SARI YUSUF', 'Perempuan', '3322134706830005', 'Islam', '81327979121', 2, 13, 26, 3, '1983-06-07', 'VILLA PUDAK PAYUNG BARU NO. 3 RT 001 RW 005, DESA PUDAK PAYUNG KEC. BANYUMANIK', '2017-12-27', 'Kontrak', 'diannita0706@gmail.com', 1, '017012643.jpeg', '$2y$10$H/JjNIblOiXCsMu7n3UcFeosAxM8pT4ax4HH3d.exPjLeMxByw6Bi', NULL, '2017-12-28 11:01:36', '2017-12-28 11:01:36'),
(2202, '017012645', 'EKA SUSANTI', 'Perempuan', '3374045012890002', 'Islam', '82137377491', 2, 13, 13, 5, '1989-12-10', 'KP. TAMBAKAN RT 001/ RW 007, DESA KALIGAWE, GAYAMSARI KOTA SEMARANG', '2017-12-27', 'Kontrak', 'eka.susanti1990@gmail.com', 1, '017012645.jpeg', '$2y$10$E8AFKqQvKqoS9VjeNwycyuIOl3OddkUTHuCcF3suXdGlLi6bgvDk6', NULL, '2017-12-28 11:06:26', '2018-01-08 05:38:34'),
(2203, '017012646', 'RIO MARTINDO GUMILAR', 'Laki-Laki', '3373032702920001', 'Islam', '89682554350', 2, 13, 24, 6, '1992-02-27', 'PERUM ARGAMAS BARAT III NO. 435 RT 001/ RW 013 DESA LEDOK, KEC. ARGOMULYO, KA. KOTA SALATIGA', '2017-12-27', 'Kontrak', 'rio.martindo92@gmail.com', 1, '017012646.jpeg', '$2y$10$mAOALxoDYzQitOl6.zDzn.yjz1mclckWxWkmEoCtkIC.qUGFd.sQ6', NULL, '2017-12-28 11:09:29', '2018-08-24 08:55:16'),
(2204, '018001647', 'DWI ERNAWATI', 'Perempuan', '3374104609950003', 'Islam', '85647847110', 2, 13, 13, 2, '1995-09-06', 'JL. TEGAL KANGKUNG XIII NO. 149, KEL KEDUNGMUNDU, KEC. TEMBALANG SEMARANG', '2018-01-02', 'Kontrak', NULL, 1, '018001647.jpg', '$2y$10$whVl7U/4UqSFCPStx4JPl.TfFkVB51OeaLz2Py8CVPefDnxlpwwpS', NULL, '2018-01-08 07:07:53', '2018-02-01 06:45:31'),
(2205, '018001648', 'AHMAD NOOR ROHMAN', 'Laki-Laki', '3318080311910022', 'Islam', '85216135990', 2, 13, 32, 7, '1991-11-03', 'JL. BUKIT TERATAI VII/348 RT 1, RW XIX, SENDANG MULYO', '2018-01-02', 'Kontrak', NULL, 1, '018001648.jpeg', '$2y$10$UD9FXK4QHeYCvdbqH5.ma.v4MMUtY/DjH9NEypBsAeEBR8BNlvpcS', NULL, '2018-01-08 07:13:36', '2018-07-23 04:46:15'),
(2207, '018001650', 'ADITYA HADIPUTRA', 'Laki-Laki', '3322192710890001', 'Islam', '81229170005', 2, 13, 32, 2, '1989-10-27', 'JL. ASRI RAYA NO. 39 RT 002/ RW 010, KEL. GEDANGANAK, KEC. UNGARAN TIMUR', '2018-01-29', 'Kontrak', 'adityahadi27@gmail.com', 1, '018001650.jpeg', '$2y$10$FPqBWfCudICITwue.loy9uhs1dbtQp4WWzcq8Qw/IVtd9qWdwwZvq', NULL, '2018-02-01 06:03:04', '2018-07-23 02:53:58'),
(2208, '018001651', 'NOVIA CANDRA MARETTA', 'Perempuan', '3318136303930005', 'Islam', '83838333373', 2, 13, 13, 3, '1993-03-23', 'DESA SEMIREJO RT 02/ RW 04, KEC. GEMBONG, KAB. PATI', '2018-01-29', 'Kontrak', 'noviacandramaretta@gmail.com', 1, '018001651.jpeg', '$2y$10$9q5C7IwEgU9fxJBe4qd19uu7UGgqwM/ZFHeJVOHMisi6V3F2ZLlx.', NULL, '2018-02-01 06:06:15', '2018-03-21 03:50:47'),
(2209, '018001652', 'RISZA ADITYARAHMAN', 'Laki-Laki', '3374061807910003', 'Islam', '81901813001', 2, 13, 24, 1, '1991-07-18', 'JL. GALAR VIII/2 RT 003/ RW 017 TLOGOSARI PEDURUNGAN', '2018-01-29', 'Kontrak', 'riszaadit800@gmail.com', 1, '018001652.jpg', '$2y$10$uoFIo1JKcHen97bsDrDl6uJnORmVqBQLzmFfJvbf9NlAatFgs1nqW', NULL, '2018-02-01 06:09:20', '2018-08-24 08:10:52'),
(2210, '018001653', 'WIWIT IMAM CAHYONO', 'Laki-Laki', '3374022812730001', 'Islam', '81377545831', 2, 24, 28, 8, '1973-12-28', 'JL.KARANGGENENG INDAH NO. 6 RT 001/ RW 001 SUMUREJO GUNUNGPATI SEMARANG', '2018-02-01', 'Kontrak', 'cahyonoimam49@gmail.com', 1, '018001653.jpg', '$2y$10$Bjz.QclKw3iWeYy1c.5DT.enW1Iwo7YdXxJDl13bHEWsxjcZg7.UG', NULL, '2018-02-01 06:12:31', '2018-03-21 02:51:15'),
(2211, '018002654', 'DAESY CHRISTIANA DEWI', 'Perempuan', '3374026112730001', 'Katholik', '81914630048', 2, 26, 9, 3, '1973-12-21', 'JL. PASIR MAS I/117 RT 005/ RW 008 DESA PANGGUNG LOR SEMARANG UTARA', '2018-02-26', 'Kontrak', 'daesychristiana@gmail.com', 1, '018002654.jpg', '$2y$10$2nSWg/JuIUvnssK5LjvYL.snwVmh6/4Z2XRwne8ayVv.PuJUBBCZq', NULL, '2018-03-21 03:15:08', '2018-03-21 04:51:06'),
(2212, '018003655', 'EKO TRIYANTO BUDI UTOMO', 'Laki-Laki', '3315042005860003', 'Islam', '85642880762', 2, 13, 39, 8, '1986-05-20', 'PERUM KAUMAN REGENCY GIOK 5 NO. 39 RT 008, RW 009, MRANGGEN DEMAK', '2018-03-01', 'Kontrak', 'ekotriyantobudi@gmail.com', 1, '018003655.jpg', '$2y$10$TqhbkL5xMpFhtUA2GF6PN.xI73NmkOaGodAmqJ5itKsObZLt/SSwu', 'Hr4OYmhguOHAyHkt3Wh4UL8Vq8Ga2uFvgevGNMte9CXxNKqbuzFNZ7KeJPzj', '2018-03-21 03:18:47', '2018-03-21 03:18:47'),
(2213, '018003656', 'NUR HIDAYATUN NIKMAH', 'Perempuan', '3318054703950001', 'Islam', '82248424325', 2, 13, 13, 4, '1995-03-07', 'DUKUH JATI LAWANG RT 008/ RW 002, KEL. PUCAKWANGI, KEC. PUCAKWANGI', '2018-03-05', 'Kontrak', NULL, 1, '018003656.jpeg', '$2y$10$TSjJoOOLgL0ojEw6z67GYuQS/cjiHMBjLJASD6rhvrxLkFM6qwFei', NULL, '2018-03-21 03:23:24', '2018-08-24 08:03:04'),
(2214, '018003657', 'FITRA IRWANSYAH', 'Laki-Laki', '3324132104910001', 'Islam', '82138296324', 2, 13, 32, 5, '1991-04-21', 'PERUM PAKUWON ASRI RT 003/ RW 001, DESA KARANGTENGAH, KEC. KALIWUNGU, KAB. KENDAL', '2018-03-07', 'Kontrak', 'fitrairwansyah91@gmail.com', 1, '018003657.jpg', '$2y$10$IpsUJAQwB7LEld0Ezv2IpujNsjYaNe51axqRG9cxS9gjqyvVNrG2a', NULL, '2018-03-21 03:26:42', '2018-07-23 03:01:02'),
(2217, '018003660', 'ARIANVIKA APRILIYANI', 'Perempuan', '3317106204910004', 'Islam', '85800485050', 2, 13, 21, 1, '1991-04-22', 'JL. SLAMET RIYADI NO. 43 UNGARAN RT 002/ RW 001 GENUK UNGARAN BARAT', '2018-03-16', 'Kontrak', 'arianvikaapriliyani@yahoo.com', 1, '018003660.jpeg', '$2y$10$vAVhILdyOOgqEb37I7rg4.nR7f6gXI.5NHLbmwh4dfsW1EFHiqGby', NULL, '2018-03-21 03:37:57', '2018-03-21 04:15:20'),
(2218, '018003661', 'DEDY PURWANTO', 'Laki-Laki', '3322181312810001', 'Islam', '85727727530', 2, 13, 28, 8, '1981-12-13', 'JL. BIMA IV/ 07 RT 007 RW 009 LEREP UNGARAN BARAT', '2018-03-21', 'Kontrak', 'dedypurwanto529@gmail.com', 1, '018003661.jpg', '$2y$10$O2w0xeGiZFTMuv1A/jSXouOtaOjoDhfK7GCKaY3jJX3H8Pk/1jWre', NULL, '2018-03-21 03:42:27', '2018-03-21 03:42:27'),
(2219, '018003662', 'WAHYU BAGUS WISNU WARDANA', 'Laki-Laki', '3322182104940001', 'Islam', '58007425502', 2, 13, 24, 3, '1994-04-21', 'CANDIREJO RT 003/ RW 005 CANDIREJO UNGARAN BARAT SEMARANG', '2018-03-21', 'Kontrak', 'wahyubaguswisnuwardana@gmail.com', 1, '018003662.jpg', '$2y$10$ZMp1STDasjno32m3ibS4W.vODMocMPZDeVpFhG4boJcnKlWTlERAy', NULL, '2018-03-21 03:45:06', '2018-08-24 08:13:23'),
(2221, '018005665', 'AGUS SETIAWAN', 'Laki-Laki', '3374070211840001', 'Islam', '82242749223', 2, 13, 32, 3, '1970-01-01', 'KARANGMALANG RT 003/ RW 002, KARANGMALANG, MIJEN', '2018-05-02', 'Kontrak', 'kayanarega@gmail.com', 1, '018005665.jpg', '$2y$10$o0PH3Pq03nHN2gKkiA4WNOSa0wCt3gVxg67FmfehPZEyfRQWMfbCe', NULL, '2018-07-20 07:38:56', '2018-07-20 07:38:56'),
(2222, '0180044664', 'LIFIA FERLISA RACHMAWATI', 'Perempuan', '3374156512980003', 'Islam', '81914573693', 2, 13, 38, 8, '1998-12-25', 'PURI PHAPROS 6 RT 014/RW 002, DESA KALIPANCUR, KE. NGALIYAN, KOTA SEMARANG', '2025-07-18', 'Kontrak', 'lifiaferlisar@gmail.com', 1, 'default.jpg', '$2y$10$pwJe6jXclrnrbVB0nTTLvOCeFn8EMIWoUPOlczgSVsjhMciVpCpHq', NULL, '2018-07-20 07:54:01', '2018-07-20 07:54:01'),
(2223, '018006666', 'ZAHRO WARDATI', 'Perempuan', '3318025202800007', 'Islam', '85325264699', 2, 13, 25, 4, '2012-09-18', 'KAYEN RT 001/RW 005, KAYEN, KAB. PATI, JAWA TENGAH', '2026-07-18', 'Kontrak', 'zahrowardati120@gmail.com', 1, '018006666.jpg', '$2y$10$NhNOcSuYVThrTOWJ6brdSOQX4QilPljH6MdSThwm9pbRp0zjOfq0W', NULL, '2018-07-20 07:58:24', '2018-07-20 07:58:24'),
(2224, '\'018005667', 'DYAH AYU RUMANTI', 'Perempuan', '3374116109800003', 'Islam', '82137776061', 2, 13, 34, 8, '2021-09-18', 'JL. TEGAL WARENG III/56, RT 003/ RW 004, KEL. DESA CANDI KEC. CANDISARI', '2011-07-18', 'Kontrak', NULL, 1, '\'018005667.jpeg', '$2y$10$W0V10b.Lbrs/HmtZ09auueEVGiRH9qqVM//QOdahfZWzegjTICkbi', NULL, '2018-07-20 08:01:55', '2018-07-20 08:01:55'),
(2226, '018005670', 'ANDRY NUGROHO SUSANTO', 'Laki-Laki', '3309082201959001', 'Islam', '85647547037', 2, 13, 26, 6, '1995-01-01', 'JETIS RT 005/ RW 001 KEL TANJUNGSARI BANYUDONO BOYOLALI', '2018-05-21', 'Kontrak', 'andrysusanto22@gmail.com', 1, '018005670.jpeg', '$2y$10$W0nOtqr1WmYoC4mpUGaLWevC8sIgYOiuKiIwcDZ.pxEiciLu.upJO', NULL, '2018-07-20 08:21:55', '2018-07-20 08:21:55'),
(2228, '018005671', 'KARTINI NAINGGOLAN', 'Perempuan', '3578015912740002', 'Katolik', '8121533420', 2, 13, 10, 3, '1974-12-19', 'jatisari asri blok A5/3A Rt 002/ RW 006, jatisari, mijen', '2018-05-18', 'Kontrak', 'ulikartini.kartini0@gmail.com', 1, '018005671.jpeg', '$2y$10$LZmPO9o5OI7xFsmMtMj04OSK.LkCVZ42HVGHvUMCn9RHVG0Lg7LyC', NULL, '2018-07-20 08:31:49', '2018-07-20 08:31:49'),
(2229, '018005672', 'DUWIK FEBRIANTO', 'Laki-Laki', '3318040402930008', 'Islam', '85326352444', 2, 13, 32, 7, '1993-02-04', 'TEGAL BALE RT 006/ RW 00 GUNUNGPANTI WINONG', '2018-05-21', 'Kontrak', 'febriant.rujuk@gmail.com', 1, '018005672.jpg', '$2y$10$ptq6SdEjjwPl5Ww6nqV37uLE./Zb2vYHPsxYEsZNiaqFONV6Uuq2S', NULL, '2018-07-20 08:35:08', '2018-07-20 08:35:08'),
(2230, '018006673', 'ADHY AGUSTA RISTIAWAN', 'Laki-Laki', '3374021508800010', 'Islam', '81575718168', 2, 13, 7, 8, '1980-08-15', 'JL. BETON MAS TIMUR C.335 RT 005/ RW 007 DESA PANGGUNG LOR SEMARANG UTARA', '2018-06-04', 'Kontrak', 'adhyagusta@gmail.com', 1, '018006673.jpg', '$2y$10$mKuqIzgMGFR6XcCEtRzKAeHBQOvSuz.OuXLmfIgIv6bTQbpwwCY8O', NULL, '2018-07-20 08:39:02', '2018-07-20 08:39:02'),
(2232, '018007675', 'MARTHAWATY DRY OKTAVIANI', 'Perempuan', '3374096610910004', 'Kristen', '85641002017', 2, 13, 45, 8, '1991-10-26', 'SANGGUNG UTARA 4 RT 006 RW 006 KEL JATINGALEH KEC CANDISARI', '2018-07-02', 'Kontrak', NULL, 1, '018007675.jpg', '$2y$10$4CLPS2Yt8.Uo2mIWEj5DwemzWCRUlcHF2zTFUvhEnhUChN3mTxfeq', NULL, '2018-07-20 08:48:02', '2018-07-20 08:48:02'),
(2233, '018007676', 'MARGARETHA MERRY SYLVIA', 'Perempuan', '3374155112940001', 'Katolik', '82298431508', 2, 13, 24, 1, '1994-12-11', 'JL. KARONSIH UTARA RAYA 347 RT 006/ RW 003 NGALIYAN, KOTA SEMARANG', '2018-07-25', 'Kontrak', 'margarethamerry.sylvia@gmail.com', 1, '018007676.jpg', '$2y$10$DXX.mcqKbzosrQYdLogOLemgX.L39WRPSA3kwyQJ6ZPamPfmvSEx6', NULL, '2018-08-24 06:56:25', '2018-08-24 06:56:25'),
(2234, '018007677', 'JOHAN PRASTIYO', 'Laki-Laki', '3309022004949001', 'Islam', '85893427166', 2, 13, 13, 6, '1994-04-20', 'TEGALSARI RT 00/ RW 001 DESA KALIGENTONG, AMPEL, BOYOLALI', '2018-07-25', 'Kontrak', 'joanprastiyan@gmail.com', 1, '018007677.jpg', '$2y$10$EhkDeHZzfngqxCcF/XU1fe4ii4bY3Vhdwa.uqOeRM2.YbXhqZPWK.', NULL, '2018-08-24 07:11:38', '2018-08-24 07:11:38');
INSERT INTO `users_backups` (`id`, `nip`, `name`, `kelamin`, `no_ktp`, `agama`, `no_hp`, `role`, `id_jabatan`, `id_bagian`, `id_pics`, `tgl_lahir`, `alamat`, `tgl_masuk`, `status_karyawan`, `email`, `status_user`, `avatar`, `password`, `remember_token`, `created_at`, `updated_at`) VALUES
(2235, '018007678', 'GERRI BATISTA SUKMANAJATI', 'Laki-Laki', '3374070305940003', 'Islam', '81230055116', 2, 13, 30, 3, '1994-05-03', 'JL. PLEBURAN RAYA NO. 43 B RT 01/ RW 002 PLEBURAN SEMARANG SELATAN', '2018-07-25', 'Kontrak', NULL, 1, '018007678.jpg', '$2y$10$COczioLd90SGbIUvJUmsQ.j67RjlVxLnN5ZWmHk.lBz73ZcadNZku', NULL, '2018-08-24 07:16:45', '2018-08-24 07:16:45'),
(2236, '018008679', 'RAINDRA YUDHA NUGRAHA', 'Laki-Laki', '3322193006950002', 'Islam', '55641206235', 2, 13, 15, 1, '1995-06-30', 'JL. GEDANGSARI I/13-D RT 006/ RW 008 GEDANGANAK, KEC. UNGARAN TIMUR', '2018-08-01', 'Kontrak', 'raindranugraha@gmail.com', 1, '018008679.jpg', '$2y$10$UD4sZdeQHePxDX2Bvb16GuMfpSBxpUN6nI1KJFBXhxue4N7oXXK1W', NULL, '2018-08-24 07:21:35', '2018-08-24 07:21:35'),
(2237, '018008680', 'LINGGA BAYU TANTRA', 'Laki-Laki', '3322181204920002', 'Islam', '85848699823', 2, 13, 13, 3, '1992-04-12', 'LINGK. RENGAS RT 002/ RW 006 DESA TAMBAKBOYO KEC. AMBARAWA, KAB. SEMARANG', '2018-08-02', 'Kontrak', 'linggabayu76@gmail.com', 1, '018008680.jpg', '$2y$10$aslKHauw2Iwtrm7OuzE8.eyahb6eZR9qRoBwKIjDWHvqlOtDhsOwm', NULL, '2018-08-24 07:26:36', '2018-08-24 07:26:36'),
(2238, '018008681', 'AJENG MARIYANA DEWI', 'Perempuan', '3374064407950005', 'Islam', '8969609021', 2, 13, 24, 1, '1995-07-04', 'PERUM KORAMIL RT 005/ RW 005, DESA GEMAH, KEC. PEDURUNGAN KOTA SEMARANG', '2018-08-03', 'Kontrak', 'ajengmariyana05@gmail.com', 1, '018008681.jpg', '$2y$10$HvT8n0zx.GWY2Z2HIF81VOEqVw9u4pFixNRFbmao8G/zlNiTUCysK', NULL, '2018-08-24 07:31:00', '2018-08-24 07:31:00'),
(2239, '018008682', 'ABDUR ROHMAN TAUFIQ', 'Laki-Laki', '3320072610930005', 'Islam', '3843238293', 2, 13, 13, 1, '1993-10-26', 'SINANGGUL RT 025/ RT 005 DESA SINANGGUL KEC. MLONGGO KAB. JEPARA', '2018-08-08', 'Kontrak', 'rohmantaufiq39@gmail.com', 1, '018008682.jpg', '$2y$10$SjQ/El31bFqmTSJ7licd2.1s9F/as6mfQdmkrhTzpYiRs60CmjzA.', NULL, '2018-08-24 07:35:27', '2018-08-24 07:35:27'),
(2240, '018008683', 'MARIA INDRASWARI', 'Perempuan', '3374115404950003', 'Katolik', '81326617824', 2, 13, 24, 1, '1995-04-14', 'JL. ASPAL NO. 4 RT 005/ RW 002 DESA SUMURBROTO, KEC. BANYUMANIK', '2018-08-27', 'Kontrak', 'mariaindraswari25@gmail.com', 1, '018008683.jpg', '$2y$10$7fDXl9mIt7dcAymo85LRtusJbSkSoCA9orkCRY1nRbWiT73UETw.u', NULL, '2018-09-21 07:42:44', '2018-09-21 07:42:44'),
(2241, '018008684', 'DANIKA BINANDIA PARAMITA', 'Perempuan', '3374066509950004', 'Islam', '85727568444', 2, 13, 1, 1, '1995-09-25', 'JL. SINGA RAYA NO. 14 RT 001/ RW 006, DESA KALICARI KEC. PEDURUNGAN, SEMARANG', '2018-08-27', 'Kontrak', 'danikabinandia@ymail', 1, '018008684.jpg', '$2y$10$1zm1AptuvYGWnZW.YUgmBOYYj4Og7/9J74dF8l0eNBbRFw.jdlBK.', NULL, '2018-09-21 07:47:25', '2018-09-21 07:47:25'),
(2242, '018009685', 'DESI PRAMITA SARI', 'Perempuan', '33741155502930003', 'Islam', '85101251056', 2, 13, 24, 5, '1993-02-15', 'JL. JATISARI ASRI BLOK B 3/5 MIJEN SEMARANG', '2018-09-03', 'Kontrak', 'desipramitasari57@gmail.com', 1, '018009685.jpg', '$2y$10$BiPnj4aaSSKbAxfqS4krbOHgCMiurkgmYLrl.Ii9M7MXAbgXrEMSK', NULL, '2018-09-21 08:06:41', '2018-09-21 08:06:41'),
(2243, '018009686', 'DODY ARIF KISWADI', 'Laki-Laki', '3318021205770004', 'Islam', '82136878599', 2, 24, 40, 8, '1977-05-12', 'VILLA REAL RESIDENCE B. G PUDAK PAYUNG, BANYUMANIK SEMARANG JAWA TENGAH', '2018-09-12', 'Kontrak', 'dodyarif25@gmail.com', 1, '018009686.jpg', '$2y$10$yY.prLMNGrKAAB1Z4nbZ5OM1wGYMUBvuvBdq2JUAH/R82arppo/ri', NULL, '2018-09-21 08:12:57', '2018-09-21 08:12:57');

--
-- Indexes for dumped tables
--

--
-- Indeks untuk tabel `atk_awals`
--
ALTER TABLE `atk_awals`
  ADD PRIMARY KEY (`id_atk_awal`);

--
-- Indeks untuk tabel `atk_barangs`
--
ALTER TABLE `atk_barangs`
  ADD PRIMARY KEY (`id_barang`);

--
-- Indeks untuk tabel `atk_barangss`
--
ALTER TABLE `atk_barangss`
  ADD PRIMARY KEY (`id_barang`);

--
-- Indeks untuk tabel `atk_carts`
--
ALTER TABLE `atk_carts`
  ADD PRIMARY KEY (`id_cart`);

--
-- Indeks untuk tabel `atk_gudangs`
--
ALTER TABLE `atk_gudangs`
  ADD PRIMARY KEY (`id_gudang_brg`);

--
-- Indeks untuk tabel `atk_pemakaians`
--
ALTER TABLE `atk_pemakaians`
  ADD PRIMARY KEY (`id_pemakaian`);

--
-- Indeks untuk tabel `atk_pics`
--
ALTER TABLE `atk_pics`
  ADD PRIMARY KEY (`id_pics`);

--
-- Indeks untuk tabel `atk_tambahs`
--
ALTER TABLE `atk_tambahs`
  ADD PRIMARY KEY (`id_atk_tambah`);

--
-- Indeks untuk tabel `bagians`
--
ALTER TABLE `bagians`
  ADD PRIMARY KEY (`id`);

--
-- Indeks untuk tabel `cabangs`
--
ALTER TABLE `cabangs`
  ADD PRIMARY KEY (`id`);

--
-- Indeks untuk tabel `jabatans`
--
ALTER TABLE `jabatans`
  ADD PRIMARY KEY (`id`);

--
-- Indeks untuk tabel `migrations`
--
ALTER TABLE `migrations`
  ADD PRIMARY KEY (`id`);

--
-- Indeks untuk tabel `users`
--
ALTER TABLE `users`
  ADD PRIMARY KEY (`id`);

--
-- Indeks untuk tabel `users_backups`
--
ALTER TABLE `users_backups`
  ADD PRIMARY KEY (`id`),
  ADD UNIQUE KEY `nip` (`nip`),
  ADD UNIQUE KEY `users_email_unique` (`email`),
  ADD UNIQUE KEY `no_ktp` (`no_ktp`),
  ADD KEY `id_cabang` (`id_pics`),
  ADD KEY `id_jabatan` (`id_jabatan`),
  ADD KEY `id_bagian` (`id_bagian`);

--
-- AUTO_INCREMENT untuk tabel yang dibuang
--

--
-- AUTO_INCREMENT untuk tabel `atk_awals`
--
ALTER TABLE `atk_awals`
  MODIFY `id_atk_awal` int(5) NOT NULL AUTO_INCREMENT, AUTO_INCREMENT=102;

--
-- AUTO_INCREMENT untuk tabel `atk_carts`
--
ALTER TABLE `atk_carts`
  MODIFY `id_cart` int(11) NOT NULL AUTO_INCREMENT, AUTO_INCREMENT=11;

--
-- AUTO_INCREMENT untuk tabel `atk_gudangs`
--
ALTER TABLE `atk_gudangs`
  MODIFY `id_gudang_brg` int(11) NOT NULL AUTO_INCREMENT, AUTO_INCREMENT=161;

--
-- AUTO_INCREMENT untuk tabel `atk_pemakaians`
--
ALTER TABLE `atk_pemakaians`
  MODIFY `id_pemakaian` int(11) NOT NULL AUTO_INCREMENT, AUTO_INCREMENT=6;

--
-- AUTO_INCREMENT untuk tabel `atk_pics`
--
ALTER TABLE `atk_pics`
  MODIFY `id_pics` int(11) NOT NULL AUTO_INCREMENT, AUTO_INCREMENT=23;

--
-- AUTO_INCREMENT untuk tabel `atk_tambahs`
--
ALTER TABLE `atk_tambahs`
  MODIFY `id_atk_tambah` int(11) NOT NULL AUTO_INCREMENT, AUTO_INCREMENT=103;

--
-- AUTO_INCREMENT untuk tabel `bagians`
--
ALTER TABLE `bagians`
  MODIFY `id` int(11) UNSIGNED NOT NULL AUTO_INCREMENT, AUTO_INCREMENT=49;

--
-- AUTO_INCREMENT untuk tabel `jabatans`
--
ALTER TABLE `jabatans`
  MODIFY `id` int(11) UNSIGNED NOT NULL AUTO_INCREMENT, AUTO_INCREMENT=41;

--
-- AUTO_INCREMENT untuk tabel `migrations`
--
ALTER TABLE `migrations`
  MODIFY `id` int(10) UNSIGNED NOT NULL AUTO_INCREMENT;

--
-- AUTO_INCREMENT untuk tabel `users`
--
ALTER TABLE `users`
  MODIFY `id` bigint(20) UNSIGNED NOT NULL AUTO_INCREMENT, AUTO_INCREMENT=24;

--
-- AUTO_INCREMENT untuk tabel `users_backups`
--
ALTER TABLE `users_backups`
  MODIFY `id` int(10) UNSIGNED NOT NULL AUTO_INCREMENT, AUTO_INCREMENT=2244;
COMMIT;

/*!40101 SET CHARACTER_SET_CLIENT=@OLD_CHARACTER_SET_CLIENT */;
/*!40101 SET CHARACTER_SET_RESULTS=@OLD_CHARACTER_SET_RESULTS */;
/*!40101 SET COLLATION_CONNECTION=@OLD_COLLATION_CONNECTION */;
